"","Country","1978","1982","1983","1985","1986","1988","1990","1994","1996","1997","1998","2000","2002","2003","2004","2005","2006","2007","2008","2009","2010","2011","2012","2013","2014","2015","2016","2017","2018"
"1","Uzbekistan",NA,NA,0.6,NA,NA,NA,NA,NA,NA,NA,0.85,0.998368861006221,NA,0.8,NA,NA,0.6,0.915584216620188,NA,NA,NA,0.433560334483155,NA,0.8,1,NA,NA,0.899679650074238,1
"2","Qatar",NA,0.548425467662573,NA,NA,0.479427832018968,0.479427832018968,0.479427832018968,0.479427832018968,NA,NA,NA,NA,NA,0.6,1,0.6,0.6,1,0.999036567981737,NA,1,NA,0.8,NA,NA,0.6,0.700383680906996,0.6,NA
"3","Saudi Arabia",0.6,NA,NA,NA,NA,NA,NA,NA,NA,NA,0.7,NA,NA,0.3764100579161,NA,0.6,0.6,0.942857142857143,NA,NA,NA,0.839380402407227,0.733333333333333,0.9,0.606288154208705,NA,NA,0.943420374117329,NA
"4","Afghanistan",0.4,NA,NA,0.8,NA,NA,NA,NA,NA,NA,0.8,0.654980397333069,NA,0.873932369664516,NA,NA,0.6,NA,NA,NA,NA,0.4,0.6,0.8,1,NA,NA,0.877318961275334,1
"5","Lebanon",NA,0.495360883174164,NA,NA,NA,NA,NA,NA,NA,NA,0.933333333333333,NA,0.733473066919011,NA,0.950428501625879,NA,NA,NA,NA,NA,NA,NA,0.733223082233458,0.733333257435193,0.95,NA,NA,0.799999937748481,NA
"6","Bahrain",NA,NA,NA,NA,NA,NA,NA,NA,NA,NA,NA,NA,NA,0.6,NA,0.6,0.6,1,0.999718708798175,NA,1,NA,0.8,NA,0.6,0.999780322532714,0.800000307559797,0.6,NA
"7","Cyprus",NA,0.599480659486925,NA,NA,NA,NA,NA,NA,NA,NA,0.92,NA,NA,NA,0.899913344709828,NA,NA,0.897961247239623,NA,NA,NA,NA,0.733178938873771,0.974629138028268,0.95,NA,NA,0.866601921046902,NA
"8","Syrian Arab Republic",NA,NA,0.6,0.8,NA,NA,NA,NA,NA,NA,0.95,NA,NA,0.5,0.93,NA,NA,NA,NA,NA,NA,NA,NA,NA,0.96,NA,NA,NA,NA
"9","Tajikistan",NA,NA,NA,0.8,NA,NA,NA,NA,NA,NA,0.8,0.998977653622854,NA,0.8,NA,NA,0.6,0.855386598221159,NA,NA,NA,0.4,NA,0.8,1,NA,0.975287409505249,0.817010621665304,1
"10","Turkmenistan",NA,NA,NA,NA,NA,NA,NA,NA,NA,NA,1,0.998785575028836,NA,0.8,0.888897873622218,NA,0.6,0.909324919817783,NA,1,NA,NA,NA,NA,1,NA,0.949220291952282,NA,1
"11","United Arab Emirates",NA,NA,NA,NA,NA,NA,NA,NA,NA,NA,NA,NA,0.998199672911186,0.403672544161632,NA,0.6,0.6,1,0.921418938151827,NA,0.63757018461902,0.83328293441598,0.8,0.8,NA,0.999779710374156,0.802589082013763,0.797929454781254,NA
"12","Iran, Islamic Republic of",NA,NA,0.6,0.8,NA,NA,NA,NA,NA,NA,0.875,NA,NA,0.9,NA,0.6,NA,NA,NA,NA,NA,NA,0.766666666666667,NA,0.925,NA,NA,NA,NA
"13","Iraq",NA,NA,0.6,0.8,NA,NA,NA,NA,NA,NA,1,NA,NA,0.424594024645138,0.882098363497776,0.6,NA,0.893274168983094,NA,NA,NA,NA,0.6,NA,NA,NA,NA,0.852093354802964,NA
"14","Oman",NA,NA,NA,NA,NA,NA,NA,NA,NA,NA,0.84,NA,0.995663409690041,0.415892266769487,NA,0.6,0.5,0.920034449645437,NA,NA,0.720314283133134,0.8,0.8,0.8,1,NA,NA,0.928451268158242,0.700489436491132
"15","Pakistan",0.4,NA,NA,NA,NA,NA,NA,NA,NA,NA,0.676923076923077,NA,NA,0.819512346030423,NA,0.6,0.6,0.885927814835616,NA,NA,NA,0.725075857284234,0.76,NA,0.790611476520072,NA,0.890906927272124,NA,1
"16","Israel",NA,0.409644100192601,NA,NA,NA,NA,NA,NA,NA,NA,0.933333333333333,NA,NA,0.4,NA,0.6,NA,NA,NA,NA,NA,NA,0.666638873844716,0.733331265228167,NA,NA,NA,0.863929773329628,NA
"17","Jordan",NA,0.6,NA,NA,NA,NA,NA,NA,NA,NA,0.92,0.800426157269388,NA,0.403067455343962,0.913353800802608,0.6,NA,NA,NA,NA,NA,NA,0.6,1,1,NA,NA,0.918813994739893,NA
"18","Kazakhstan",NA,NA,0.55,0.8,NA,NA,NA,NA,NA,NA,0.8,0.748512050162454,NA,0.966128547364774,NA,NA,0.932257094729548,NA,NA,1,NA,NA,0.996577112118918,NA,1,NA,NA,NA,1
"19","Kuwait",NA,NA,NA,NA,NA,NA,NA,NA,NA,NA,NA,NA,NA,0.333923905395461,NA,NA,NA,1,NA,NA,NA,0.600362775396481,0.76,NA,0.6,NA,NA,0.799239734094273,NA
"20","Kyrgyzstan",NA,NA,0.6,0.8,NA,NA,NA,NA,NA,NA,0.8,NA,0.600188542549499,0.8,NA,NA,0.6,NA,NA,NA,NA,0.4,NA,NA,1,NA,0.989224883869147,0.875553263041193,1
"21","Viet Nam",NA,NA,NA,NA,NA,NA,NA,NA,NA,0.742857142857143,0.625165562913907,NA,NA,0.457142857142857,NA,0.6,NA,0.833333333333333,NA,NA,NA,NA,NA,0.688888888888889,NA,NA,NA,NA,NA
"22","Maldives",NA,0.4,NA,NA,0.4,0.4,0.4,0.4,NA,NA,0.8,0.8,NA,NA,NA,0.6,NA,NA,0.99974569997656,NA,1,0.85,0.84,NA,1,0.975,0.4,1,1
"23","Philippines",NA,0.412958992359691,NA,NA,NA,NA,NA,NA,NA,0.8,0.565979381443299,NA,1,0.6,NA,0.6,0.403227518161168,0.600750173411425,0.856102534485053,NA,NA,0.85,NA,0.566858657764881,0.900599074463433,NA,NA,NA,0.675472378340433
"24","Bangladesh",NA,NA,NA,NA,NA,NA,NA,NA,NA,0.8,0.62,NA,NA,NA,NA,0.6,1,0.885017882478992,NA,NA,0.757449984439967,0.8,0.8,NA,0.98113689821284,NA,NA,NA,0.736926367620146
"25","Bhutan",NA,0.400374753667586,NA,0.8,NA,NA,NA,NA,NA,NA,0.685714285714286,NA,0.685337491601461,NA,0.698189962306475,NA,NA,0.919556197150518,NA,NA,0.700006524528217,0.4,NA,0.799998882851686,0.995306029231045,0.707623981920176,NA,0.9,0.733333333333333
"26","Brunei Darussalam",NA,NA,NA,NA,NA,NA,NA,NA,NA,0.8,0.540298507462687,NA,0.733333333333333,0.6,0.6,0.6,NA,1,NA,NA,NA,0.7,NA,NA,0.65,NA,NA,NA,0.685714285714286
"27","Cambodia",NA,NA,NA,NA,NA,NA,NA,NA,NA,0.8,0.625925925925926,NA,0.700457576306654,0.6,NA,0.6,0.6,0.999999992452565,NA,0.2,NA,NA,NA,0.799842246600894,0.850188802652081,0.723735634641766,0.836366604207721,NA,0.8000602705742
"28","Timor-Leste",NA,NA,NA,NA,NA,NA,NA,NA,NA,NA,0.8,1,NA,NA,NA,NA,NA,NA,NA,NA,NA,0.8,0.866666666666667,NA,NA,NA,NA,NA,NA
"29","Singapore",NA,NA,NA,NA,NA,NA,NA,NA,NA,0.733333333333333,0.65631067961165,NA,0.8,0.6,NA,NA,0.6,1,NA,NA,NA,0.666666666666667,NA,NA,0.866617170695787,NA,0.933383515657753,NA,0.628586557262627
"30","Sri Lanka",0.4,NA,NA,NA,NA,NA,NA,NA,NA,NA,0.527228915662651,NA,0.733633317117381,NA,NA,NA,0.6,0.8,NA,NA,NA,0.85,NA,0.6,0.990402427442703,NA,NA,NA,0.800109743608669
"31","Thailand",NA,NA,NA,NA,NA,NA,NA,NA,NA,0.65,0.579130434782609,NA,0.650164604397058,0.6,NA,0.6,0.6,0.999431636162213,NA,NA,NA,NA,NA,0.799298050884524,0.783063453046367,NA,0.850927047811198,NA,0.733651977256504
"32","Nepal",0.4,0.485418068989238,0.6,0.8,0.515346968726075,0.492756266647118,NA,NA,NA,NA,0.584615384615385,0.641284818576652,0.666765967715978,0.668202335345409,0.894447074206757,NA,0.8,NA,NA,NA,0.718326727124295,0.4,NA,0.778768826516404,0.983568447256525,0.687050385317704,NA,0.857143073627565,1
"33","Lao People's Democratic Republic",NA,NA,NA,NA,NA,NA,NA,NA,NA,0.8,0.615625,NA,NA,0.533333333333333,NA,NA,0.3,0.8,NA,0.2,0.566666666666667,NA,NA,0.68,NA,NA,NA,NA,0.72
"34","Yemen",0.48,NA,NA,NA,NA,NA,NA,NA,NA,NA,0.67948717948718,NA,0.99941396255344,0.144154721727743,NA,0.6,0.6,0.866798853182654,0.899302686084476,NA,NA,0.8,NA,0.9,1,NA,NA,NA,0.700266616371301
"35","Georgia",NA,NA,NA,0.8,NA,NA,NA,NA,NA,NA,0.96,0.779123521699461,0.700703070172516,0.8,0.889111214046593,NA,NA,0.904181521456422,NA,0.645197510343615,NA,NA,0.866391681523925,1,0.914285714285714,0.971398940576281,NA,NA,1
"36","Turkey",0.6,0.595959224710059,0.6,0.8,NA,NA,NA,NA,NA,NA,0.819047619047619,NA,NA,0.52163676154904,0.832250834022964,NA,NA,NA,NA,NA,NA,NA,0.798332674714104,0.936708016532946,NA,NA,NA,0.81615423455982,0.203279947702013
"37","Armenia",NA,NA,0.533333333333333,0.8,NA,NA,NA,NA,NA,NA,0.76,0.700059523402583,0.800103717911426,0.8,0.885944535965615,NA,0.600225419472934,NA,NA,0.666917085706597,NA,0.5,NA,NA,0.88,0.750036685295711,NA,NA,1
"38","Azerbaijan",NA,NA,0.5,NA,NA,NA,NA,NA,NA,NA,0.95,0.999218658649658,0.800694051531649,0.8,0.88639610627051,NA,0.857398680034616,NA,NA,0.75084668267213,NA,NA,NA,NA,0.85,0.866547475674076,NA,NA,1
"39","Disputed Territory",NA,NA,NA,NA,NA,NA,NA,NA,NA,NA,NA,NA,NA,NA,NA,NA,NA,NA,NA,NA,NA,NA,NA,NA,NA,NA,NA,NA,NA
"40","Malaysia",0.6,NA,NA,0.8,NA,NA,NA,NA,NA,0.7,0.585209003215434,NA,0.646153059241269,0.7,NA,0.6,0.6,0.543120949410765,0.860161891113911,NA,NA,0.716666666666667,NA,0.649972920223696,0.753616224710102,0.8225935898428,0.844134487918422,NA,0.70494279994543
"41","British Indian Ocean Territory",NA,0.4,NA,NA,NA,NA,NA,NA,NA,NA,0.7,1,NA,NA,NA,NA,NA,NA,0.999939854540031,NA,NA,NA,0.8,NA,NA,NA,NA,NA,NA
"42","India",0.4,NA,NA,0.8,NA,NA,NA,NA,NA,NA,0.521527777777778,NA,NA,0.762588195794596,NA,0.6,0.896098438205376,NA,NA,NA,NA,0.738461538461539,NA,0.687140876124302,0.67862176675511,NA,NA,NA,0.750597219826026
"43","Indonesia",0.6,NA,NA,NA,NA,NA,NA,NA,NA,0.733333333333333,0.551170568561873,NA,0.638982499191537,0.6,NA,0.6,0.6,0.655344003314434,NA,NA,NA,0.728571428571429,NA,0.699256732829303,NA,NA,NA,NA,0.680348907354878
"44","Myanmar",NA,NA,0.6,0.8,NA,NA,NA,NA,NA,0.8,0.594666666666667,NA,0.658436686914044,0.733333333333333,NA,0.6,1,0.99564486742122,NA,NA,NA,0.725,NA,0.699263770371256,0.64969934384239,0.801428760840459,0.89498627281564,NA,0.801475969893616
"45","Vanuatu",NA,0.48594562445158,NA,NA,NA,NA,NA,NA,NA,NA,0.771428571428571,0.666666666666667,NA,NA,NA,0.6,0.6,NA,0.743424688110464,NA,NA,0.85,NA,0.6,0.4,0.974278817200674,0.7,NA,1
"46","Wallis and Futuna",NA,NA,NA,NA,NA,NA,NA,NA,NA,NA,NA,0.6,NA,NA,NA,0.6,NA,NA,1,NA,NA,0.85,0.8,NA,NA,0.975,0.7,NA,NA
"47","Guam",0.4,0.4,NA,NA,NA,NA,NA,NA,NA,NA,0.6,0.20653757372152,NA,NA,NA,NA,NA,NA,0.798189461693382,NA,NA,0.85,0.84,0.6,NA,0.955360905759797,1,0.733333333333333,1
"48","Marshall Islands",NA,NA,NA,NA,NA,NA,NA,NA,NA,NA,0.6,NA,NA,NA,NA,0.6,NA,NA,1,NA,1,0.8,0.84,NA,1,0.95,0.7,1,NA
"49","Pitcairn",NA,NA,NA,NA,NA,NA,NA,NA,NA,NA,0.62,0.6,NA,NA,NA,0.6,NA,NA,1,NA,NA,0.85,0.8,NA,NA,0.977777777777778,0.4,NA,NA
"50","Samoa",NA,0.4,NA,NA,NA,NA,NA,NA,NA,NA,NA,NA,NA,NA,NA,0.6,NA,NA,0.963448728137224,NA,1,0.85,0.85,0.6,NA,0.975,0.7,0.866666666666667,1
"51","Christmas Island",NA,NA,NA,NA,NA,NA,NA,NA,NA,NA,NA,NA,NA,NA,NA,NA,NA,NA,0.52,NA,NA,0.85,NA,NA,NA,0.975,0.333333333333333,0.2,NA
"52","Cocos (Keeling) Islands",NA,NA,NA,NA,NA,NA,NA,NA,NA,NA,NA,NA,NA,NA,NA,NA,NA,NA,NA,NA,NA,0.85,0.8,NA,NA,NA,1,NA,NA
"53","Fiji",0.4,0.428184480798179,NA,NA,NA,NA,NA,NA,NA,NA,0.60655737704918,0.568046732879226,NA,0.6,NA,0.6,NA,NA,0.838675696048312,NA,NA,0.85,NA,0.440121291183025,0.8527448504372,0.974835758881067,0.676190476190476,NA,1
"54","Tokelau",NA,0.422344673209024,NA,NA,NA,NA,NA,NA,NA,NA,NA,0.6,NA,NA,NA,0.6,NA,NA,1,NA,NA,0.85,NA,NA,NA,0.974999281701338,0.7,0.6,NA
"55","Tonga",NA,0.442779751153592,NA,NA,NA,NA,NA,NA,NA,NA,0.85,NA,NA,0.6,NA,0.6,NA,0.6,0.925,NA,1,0.85,0.725,0.6,0.866666666666667,0.974967883389233,0.7,0.733302886374324,1
"56","Tuvalu",NA,0.4,NA,NA,NA,NA,NA,NA,NA,NA,NA,0.599982712407783,NA,NA,NA,0.6,NA,NA,1,NA,NA,0.85,NA,0.6,NA,0.975,0.7,NA,1
"57","Nauru",NA,NA,NA,NA,NA,NA,NA,NA,NA,NA,0.8,0.6,NA,NA,NA,0.6,NA,NA,1,NA,1,0.85,0.866666666666667,NA,1,0.975,0.7,NA,1
"58","New Caledonia",0.4,0.491066713087887,NA,NA,NA,NA,NA,NA,NA,NA,0.556340956340956,NA,0.6,0.6,NA,0.6,0.6,NA,0.818309237562278,NA,0.603389830508475,0.85,0.879789686657704,0.79944847302701,0.4,NA,NA,0.543481357191669,0.400810670247877
"59","Niue",NA,0.518469338832501,NA,NA,NA,NA,NA,NA,NA,NA,0.6,0.6,NA,NA,NA,0.6,NA,NA,1,NA,NA,0.85,0.8,NA,1,0.974995123863038,0.7,0.6,1
"60","Norfolk Island",0,NA,NA,NA,NA,NA,NA,NA,NA,NA,0.4,NA,NA,NA,NA,NA,NA,NA,1,NA,NA,0.822222222222222,NA,NA,NA,0.975,1,NA,NA
"61","Northern Mariana Islands",0.4,NA,NA,NA,NA,NA,NA,NA,NA,NA,0.54,NA,NA,NA,NA,NA,NA,NA,NA,NA,NA,0.85,0.885714285714286,NA,1,NA,1,0.733333333333333,NA
"62","Palau",NA,0.47657030840354,NA,NA,NA,NA,NA,NA,NA,NA,0.766666666666667,0.985157959700436,NA,NA,NA,NA,0.6,NA,0.887479118878852,NA,NA,0.85,NA,0.6,NA,0.974958439111946,0.56,NA,1
"63","Holy See (Vatican City State)",NA,NA,NA,NA,NA,0.6,0.6,0.6,NA,NA,NA,NA,NA,NA,1,NA,NA,NA,NA,NA,NA,NA,NA,NA,NA,NA,NA,NA,NA
"64","Macedonia, the former Yugoslav Republic of",NA,NA,NA,NA,NA,NA,NA,NA,NA,NA,0.933333333333333,0.8,0.8,NA,NA,NA,NA,NA,NA,1,NA,NA,NA,NA,0.4,0.933333333333333,NA,0.8,NA
"65","Malta",NA,0.6,NA,NA,0.6,0.6,0.6,0.6,NA,NA,0.95,NA,NA,NA,0.966666666666667,NA,NA,0.950000011361135,0.988235519869099,NA,NA,0.781818181818182,0.599978436296228,1,1,NA,NA,0.649995213455218,NA
"66","Monaco",NA,NA,NA,NA,NA,NA,NA,NA,NA,NA,NA,1,NA,NA,NA,NA,NA,NA,NA,NA,NA,NA,0.733330366853345,1,1,0.885714285714286,NA,NA,NA
"67","Poland",NA,NA,NA,0.8,NA,NA,NA,NA,NA,NA,NA,0.709082757224683,0.801637397580656,NA,0.969491320086168,NA,NA,0.940327282365238,NA,1,NA,NA,NA,1,0.76,0.866568855068119,NA,NA,1
"68","Romania",NA,0.6,NA,0.8,NA,NA,NA,NA,NA,NA,NA,NA,0.8,NA,0.909769524250759,NA,1,NA,NA,0.978173463136683,NA,NA,0.747050529898686,0.733333333333333,0.88,0.914210609161099,NA,NA,1
"69","San Marino",NA,NA,NA,NA,NA,NA,NA,0.6,0.942856200985938,NA,NA,0.8,NA,NA,0.96000014797919,NA,NA,0.899999124974393,0.971428037347688,NA,0.923076587269446,NA,NA,NA,NA,0.8,0.977777192442228,NA,NA
"70","Albania",NA,0.599810111717028,0.6,0.8,NA,NA,NA,NA,NA,NA,0.92,NA,0.8,NA,0.900052073379024,NA,NA,0.947388870661222,NA,NA,NA,NA,0.799375374279937,0.899013107223107,0.88,NA,NA,NA,1
"71","Latvia",NA,NA,NA,0.8,NA,NA,NA,NA,NA,NA,NA,0.6,0.8,NA,0.966582928623168,NA,NA,0.95534844082764,NA,1,NA,NA,0.794410344992443,1,0.76,0.866687053376063,0.999382169419785,NA,1
"72","Liechtenstein",NA,NA,NA,0.8,NA,NA,NA,NA,NA,NA,NA,0.8,NA,NA,0.949999916283901,NA,NA,NA,NA,1,NA,NA,0.8,NA,0.7,0.900000007644943,NA,NA,1
"73","Lithuania",NA,NA,NA,0.8,NA,NA,NA,NA,NA,NA,NA,NA,0.800446688174264,NA,0.966695089633093,NA,NA,NA,NA,1,NA,NA,0.697822381891427,1,0.76,0.866643592411152,0.999303780132667,NA,1
"74","Luxembourg",NA,NA,NA,NA,NA,NA,NA,NA,NA,NA,NA,0.800014869038422,0.8,NA,0.942845652763229,NA,NA,NA,NA,1,NA,NA,0.8,NA,0.4,0.9,NA,NA,NA
"75","Belgium",NA,NA,NA,NA,NA,NA,NA,NA,NA,NA,NA,NA,0.8,NA,0.955423660236957,NA,NA,0.944000674201462,NA,NA,NA,NA,NA,1,0.666666666666667,NA,NA,NA,NA
"76","Bosnia and Herzegovina",NA,0.599997764614904,NA,NA,NA,NA,NA,NA,NA,NA,0.733333333333333,NA,0.8,NA,0.900104723031797,NA,NA,0.903709468600092,NA,NA,NA,NA,0.799997550867025,0.799999441149041,0.84,NA,NA,NA,0.600402422402514
"77","Bulgaria",NA,0.6,NA,0.8,NA,NA,NA,NA,NA,NA,0.9,0.998909694779556,NA,NA,0.891356521205477,NA,NA,NA,NA,0.967158029890372,NA,NA,0.749784956013462,0.5,0.88,0.824992297628403,NA,NA,1
"78","Croatia",NA,0.59822081945041,NA,NA,NA,NA,NA,NA,NA,NA,0.95,NA,0.8,NA,0.866955747787656,NA,NA,NA,NA,NA,NA,NA,0.798812740891768,0.799548532607936,0.857142857142857,NA,NA,NA,0.600726787322204
"79","Denmark",NA,NA,NA,NA,NA,NA,NA,NA,NA,NA,NA,NA,0.8,NA,0.999783589107534,NA,NA,0.953168507696534,NA,NA,NA,NA,NA,1,0.666666666666667,NA,NA,NA,NA
"80","Estonia",NA,NA,NA,NA,NA,NA,NA,NA,NA,NA,NA,0.6,0.800003176619896,NA,0.999919294853367,NA,NA,0.936995528213908,NA,1,NA,NA,0.795942948807089,1,0.666666666666667,0.840051082256153,0.999657438985879,NA,0.600839134684956
"81","Faroe Islands",NA,NA,NA,NA,0.6,0.6,0.6,NA,NA,NA,NA,NA,NA,NA,1,NA,NA,0.866666666666667,NA,NA,1,1,NA,1,0.6,0.866666666666667,1,NA,NA
"82","Finland",NA,NA,NA,0.8,NA,NA,NA,NA,NA,NA,NA,0.761040469926847,0.801970400037921,NA,0.998408283283679,NA,NA,0.950124156266485,NA,1,NA,NA,0.771656495697414,1,0.750107736213668,0.801197052456899,0.97319579721111,0.4,0.889706861329927
"83","Guernsey",NA,NA,NA,NA,NA,NA,NA,NA,NA,NA,NA,NA,NA,NA,NA,NA,NA,1,NA,NA,NA,1,0.8,NA,NA,1,1,NA,NA
"84","Isle of Man",NA,NA,NA,NA,NA,NA,NA,NA,0.942861435223446,NA,NA,NA,NA,NA,NA,NA,NA,1,NA,NA,NA,1,0.8,1,NA,1,1,NA,NA
"85","Jersey",NA,NA,NA,NA,NA,NA,NA,NA,NA,NA,NA,NA,NA,NA,NA,NA,NA,1,NA,NA,NA,1,0.8,NA,NA,1,1,NA,NA
"86","Germany",NA,NA,NA,0.8,NA,NA,NA,NA,NA,NA,0.6,NA,0.800376437301337,NA,0.980089672851524,NA,NA,0.941150991733866,NA,NA,NA,NA,NA,1,0.633333333333333,NA,NA,NA,1
"87","Gibraltar",NA,NA,NA,NA,0.6,0.6,0.6,NA,NA,NA,NA,NA,NA,NA,0.966666666666667,NA,NA,0.866666666666667,NA,NA,NA,NA,NA,1,1,NA,NA,NA,NA
"88","Greenland",NA,0.6,NA,NA,0.484212641985917,0.484212641985917,0.6,0.6,NA,NA,NA,1,NA,NA,1,NA,0.6,0.840094650321407,NA,NA,1,0.9,NA,1,0.664588046243719,0.84,0.73102897535989,1,1
"89","Slovakia",NA,NA,NA,0.8,NA,NA,NA,NA,NA,NA,NA,0.999398197090351,0.80002668817812,NA,0.955566796414196,NA,NA,0.963053485034407,NA,0.975081907906822,NA,NA,0.6987721496682,1,0.75,0.999701816304027,0.970198682223923,NA,1
"90","Slovenia",NA,0.495360883174165,NA,NA,NA,NA,NA,NA,NA,NA,NA,NA,NA,NA,0.890984279343809,NA,NA,NA,NA,NA,NA,NA,0.799985141163727,0.799997817892252,0.833333333333333,NA,NA,NA,1
"91","Svalbard and Jan Mayen",NA,0.6,NA,NA,NA,NA,NA,NA,NA,NA,NA,NA,NA,NA,NA,NA,0.6,NA,NA,NA,1,NA,NA,NA,NA,0.866666666666667,NA,NA,NA
"92","Sweden",NA,NA,NA,0.8,NA,NA,NA,NA,NA,NA,NA,0.797534409493042,0.801134032897946,NA,0.99897926793246,NA,NA,0.960860232584468,NA,1,NA,NA,NA,1,0.760162133045905,0.818569150085877,NA,NA,0.949414364056615
"93","Switzerland",NA,NA,NA,0.8,NA,NA,NA,NA,NA,NA,NA,0.733333333333333,0.8,NA,0.933339489312804,NA,NA,0.959673242839491,NA,0.95006479868662,NA,NA,0.799237289694981,1,0.766666666666667,0.933345125717207,NA,NA,1
"94","Andorra",NA,NA,NA,0.8,NA,NA,NA,NA,NA,NA,NA,0.999995453908923,NA,NA,0.999999431744255,NA,NA,0.938446047909134,NA,NA,NA,NA,NA,NA,1,0.8,0.984602756673207,NA,NA
"95","Austria",NA,NA,NA,0.8,NA,NA,NA,NA,NA,NA,NA,0.799786084574161,0.80001467982974,NA,0.949809007496531,NA,NA,0.965976540650862,NA,0.97517558273368,NA,NA,0.79839397611995,1,0.8,0.999786093905577,NA,NA,1
"96","Hungary",NA,NA,NA,NA,NA,NA,NA,NA,NA,NA,NA,0.666607339738272,0.80010811383601,NA,0.955443245940726,NA,NA,0.964048438086877,NA,0.975322142626436,NA,NA,0.798244492555291,1,0.733333333333333,0.999733160893889,NA,NA,1
"97","Iceland",NA,NA,NA,NA,0.524772291669461,0.524772291669461,0.6,0.6,NA,NA,NA,NA,NA,NA,1,NA,NA,0.844553080245227,NA,NA,NA,0.92,NA,1,0.602456271000117,NA,NA,NA,1
"98","Netherlands",NA,NA,NA,NA,NA,NA,NA,NA,NA,NA,NA,NA,0.800086568770647,NA,0.974859031149009,NA,NA,0.947678301235639,NA,NA,NA,NA,NA,1,0.6,NA,NA,NA,NA
"99","Norway",NA,0.6,NA,0.8,NA,NA,NA,NA,NA,NA,NA,NA,0.801829577374591,NA,0.999011715888295,NA,0.866666666666667,0.942499075316461,NA,NA,NA,NA,0.837651129952219,1,0.800322168690909,NA,NA,NA,0.939978575455397
"100","Ireland",NA,0.4,NA,NA,NA,NA,NA,NA,NA,NA,0.6,0.989425251840688,0.8,NA,0.999873370618362,NA,0.6,0.929053964471273,NA,NA,NA,0.8,NA,0.997586606461462,0.6,0.857132472656408,NA,NA,NA
"101","Åland Islands",NA,NA,NA,NA,NA,NA,NA,NA,NA,NA,NA,NA,NA,NA,NA,NA,NA,NA,NA,NA,NA,NA,NA,NA,NA,NA,NA,NA,NA
"102","Montenegro",NA,0.599967641149197,NA,0.8,NA,NA,NA,NA,NA,NA,0.933333333333333,NA,NA,NA,0.925003099164904,NA,NA,NA,NA,NA,NA,NA,0.799675190849666,0.50000809156037,0.966666666666667,NA,NA,NA,0.6
"103","Guyana",NA,0.57524118473343,NA,NA,NA,NA,0.57524118473343,0.572143096684309,NA,NA,0.651282051282051,NA,0.737141182850066,1,0.667767149419794,0.6,0.820671590832861,0.6,NA,NA,0.704887496531997,0.804210541195604,0.84,0.6,0.850350276981302,NA,0.964083279372968,0.8,0.601055099355611
"104","Falkland Islands (Malvinas)",NA,NA,NA,NA,NA,NA,NA,NA,NA,NA,NA,NA,NA,NA,NA,NA,NA,1,NA,NA,NA,0.6,0.8,1,NA,NA,NA,NA,1
"105","French Guiana",NA,0.599844407828098,NA,NA,0.599844407828098,0.599844407828098,0.624569154919705,0.628167329625144,NA,NA,0.65,NA,0.734831271870524,1,NA,0.6,0.808620704313148,0.6,NA,NA,0.701925036102025,0.80166755574135,0.8,0.6,0.887878791652084,NA,0.95653574267711,0.749981425069236,1
"106","Suriname",NA,0.599713048004208,NA,NA,0.599713048004208,0.599713048004208,0.599713048004208,0.599665366749406,NA,NA,0.674285714285714,NA,0.735966209629253,0.64333939111225,0.501525424721941,0.6,0.814780322538733,0.6,0.962779158468512,NA,0.606099360473209,0.80292494386363,0.8,0.6,0.847310662724677,NA,0.962601799800321,0.73327867162771,NA
"107","Uruguay",NA,0.599840006242989,NA,NA,0.599840006242989,0.59984011054989,0.59984011054989,0.599684740841344,NA,NA,NA,NA,0.838509250027238,NA,0.991121891892232,0.6,0.648817751733399,1,0.919439582419708,NA,0.624727756048944,0.901225216078533,0.7,0.505550689273368,0.841168487465611,NA,NA,0.699926648138338,0.401707372462619
"108","Paraguay",NA,NA,NA,NA,NA,NA,NA,NA,NA,NA,0.69,0.669244067291122,0.767865272701681,NA,0.541055018813165,NA,0.70941062569274,NA,NA,NA,0.705137746714583,0.880220477398307,1,0.259591131018806,0.775395900126633,0.881335702198937,NA,0.803587012509913,0.6
"109","Peru",NA,0.607305887765701,NA,NA,NA,NA,NA,NA,NA,NA,0.62483660130719,NA,0.642977334746215,NA,NA,0.6,0.823928250030708,0.601830589630912,NA,NA,0.653131747123703,0.824557592054384,0.759289511952526,0.666796725906681,0.859142600024566,NA,NA,0.815364171710578,0.533786779816327
"110","Virgin Islands, British",NA,NA,NA,NA,NA,NA,NA,NA,NA,NA,0.514285714285714,NA,NA,0.2,NA,0.6,0.2,0.6,NA,NA,0.6,NA,0.8,NA,1,NA,0.6,NA,NA
"111","Virgin Islands, U.S.",NA,NA,NA,NA,NA,NA,NA,NA,NA,NA,0.506666666666667,NA,NA,NA,NA,0.6,0.2,0.6,NA,NA,0.6,NA,0.8,NA,1,NA,NA,NA,NA
"112","Guadeloupe",NA,0.499974494799513,NA,NA,0.300171402281642,0.300171402281642,0.466671543409246,0.371758717526524,NA,NA,0.625,0.499879860587731,NA,NA,NA,0.6,0.2,0.6,0.820716765766647,NA,0.544880858558556,0.714285714285714,0.8,0.200320243519824,1,NA,0.540885567866002,0.466699112294654,0.200682191425626
"113","Haiti",NA,0.40019867475608,NA,NA,NA,NA,NA,NA,NA,NA,0.544,0.732942215064381,NA,0.6,0.200862823948374,0.6,0.4,NA,NA,NA,0.4,0.76,0.799549838206854,0.500109961693117,1,NA,NA,0.400057310331865,0.203196221805377
"114","Martinique",NA,0.599720215285018,NA,NA,0.599720215285018,0.599720215285018,0.699790014586991,0.371576559037283,NA,NA,0.625,0.333309535185041,NA,NA,0.4,0.6,0.2,0.6,NA,NA,0.559588010622313,0.76,0.8,0.200214106904415,1,NA,0.525,0,0.201121625912025
"115","Montserrat",NA,0.599993505513752,NA,NA,NA,NA,NA,NA,NA,NA,0.65,0.499995128912075,NA,NA,NA,0.6,0.2,0.6,0.916488003559504,NA,0.6,0.666666666666667,0.8,0.200012989356892,NA,NA,0.598220061857529,0.6,1
"116","Saint Kitts and Nevis",NA,NA,NA,NA,NA,NA,NA,NA,NA,NA,0.7,NA,0.8,0.6,NA,0.6,0.2,0.8,NA,NA,0.666666666666667,0.76,0.8,NA,1,NA,NA,NA,NA
"117","Saint Lucia",NA,NA,NA,NA,NA,NA,NA,NA,NA,NA,0.666666666666667,NA,NA,NA,NA,0.6,0.2,0.6,NA,NA,0.6,0.76,0.8,NA,1,NA,NA,NA,NA
"118","Saint Vincent and the Grenadines",NA,NA,NA,NA,NA,NA,NA,NA,NA,NA,0.65,NA,NA,NA,NA,0.6,0.2,0.6,NA,NA,0.6,0.76,0.8,NA,1,NA,NA,NA,NA
"119","Barbados",NA,0.599897474548852,NA,NA,0.599897474548852,0.599897474548852,0.699911079895783,0.699911079895783,NA,NA,0.65,NA,NA,NA,0.4,0.6,0.2,0.6,NA,NA,0.6,0.76,0.8,0.400026335128973,1,NA,NA,0.699987999848646,1
"120","Bermuda",0.6,0.431496116004583,0.8,NA,0.799801978229678,0.799801978229678,0.799801978229678,0.400016924968556,NA,NA,0.525,NA,NA,0.6,0.4,NA,0.6,NA,NA,NA,0.6,0.709090909090909,0.75,0.6,0.466666666666667,NA,NA,0.699995766662128,1
"121","Cayman Islands",NA,NA,NA,NA,NA,NA,NA,NA,NA,NA,0.666666666666667,0.5,NA,NA,NA,0.6,0.2,0.6,NA,NA,0.6,0.76,0.8,0.2,1,NA,0.6,NA,NA
"122","Cuba",NA,0.424866738314896,NA,NA,NA,NA,NA,NA,NA,NA,0.524081632653061,NA,NA,0.6,0.4,0.6,0.2,0.6,NA,NA,0.6,0.76,0.798096055631804,0.334216217514551,1,NA,NA,0.534891720981359,0.404014255140132
"123","Dominica",NA,0.499970315264337,NA,NA,0.300029684735662,0.300029684735662,0.46665347214523,0.473872369161607,NA,NA,0.666666666666667,0.499939443809093,NA,NA,0.4,0.6,0.2,0.6,0.852611675153254,NA,0.570686538980142,0.76,0.8,0.20016145058631,1,NA,0.657144579577715,0.7,0.200818904079071
"124","Dominican Republic",0.4,0.466115595709474,NA,NA,NA,NA,NA,NA,NA,NA,0.54375,0.699462027066067,NA,NA,0.4,NA,0.4,0.6,NA,NA,0.6,0.76,0.799177691576092,0.6,NA,NA,NA,0.466753862858565,1
"125","Grenada",NA,0.599858323208743,NA,NA,NA,NA,NA,NA,NA,NA,0.65,NA,NA,NA,0.4,0.6,0.200012470850776,0.6,NA,NA,0.600006235425388,0.76,0.8,0.200091019672926,NA,NA,0.6,0.699989630083033,1
"126","Trinidad and Tobago",NA,NA,NA,NA,NA,NA,NA,NA,NA,NA,0.75,NA,1,NA,NA,NA,NA,0.6,NA,NA,NA,NA,0.8,NA,NA,NA,NA,NA,NA
"127","Turks and Caicos Islands",NA,NA,NA,NA,NA,NA,NA,NA,NA,NA,0.6,NA,NA,NA,NA,0.6,0.2,0.6,NA,NA,0.6,0.76,0.8,NA,1,NA,NA,NA,NA
"128","Anguilla",NA,0.599977644422922,NA,NA,0.599977644422922,0.599977644422922,0.699981951050845,0.679386860862262,NA,NA,0.6,0.499995782484331,NA,NA,0.4,0.6,0.2,0.6,0.96,NA,0.596631104738424,0.76,0.8,0.200011246550342,1,NA,0.693264652678831,0.6,0.203600911645751
"129","Antigua and Barbuda",NA,0.499951293353937,NA,NA,0.300048706646063,0.300048706646063,0.466645015753272,0.453602862656679,NA,NA,0.6,0.499957807013751,NA,NA,0.4,0.6,0.2,0.6,NA,NA,0.4,0.76,0.8,0.6,1,NA,NA,0.6,0.202299845025033
"130","Aruba",NA,0.599985921796479,NA,NA,0.599985921796479,0.599985924668773,0.699976031413664,0.699986232945013,NA,NA,NA,0.499999644638988,NA,NA,NA,0.6,0.2,0.6,0.949967065878584,NA,0.600219382607016,0.866666666666667,0.8,0.200028158213377,1,NA,0.600043895781345,0.6,1
"131","Bahamas",NA,NA,NA,NA,NA,NA,NA,NA,NA,NA,0.6,NA,NA,0.6,NA,0.6,0.2,0.6,NA,NA,0.6,0.76,0.8,NA,1,NA,NA,NA,NA
"132","Jamaica",NA,0.499674149387949,0.6,0.5,NA,NA,NA,NA,NA,NA,0.640650406504065,0.533237562659757,NA,NA,0.200041299947045,0.6,0.2,0.5,0.895300380429008,NA,NA,0.76,0.799815917166076,0.350053874873611,1,NA,0.634962893146113,0.450029459272145,0.400458568333065
"133","Western Sahara",NA,NA,NA,NA,NA,NA,NA,NA,NA,NA,NA,NA,NA,NA,0.903099825603619,0.6,NA,0.54526465181173,NA,NA,NA,0.777865037025733,0.733032633600485,0.2,NA,NA,NA,0.6,1
"134","Algeria",NA,0.6,NA,NA,NA,NA,NA,NA,NA,NA,0.8,NA,0.811521179585867,NA,0.93945001217532,NA,NA,0.799481076139617,NA,NA,NA,NA,0.733308717813095,0.8,1,NA,NA,0.867515640549682,NA
"135","Tunisia",NA,0.525203386706471,NA,NA,NA,NA,NA,NA,NA,NA,0.933333333333333,NA,NA,NA,0.910106903982125,NA,NA,0.784696178038947,NA,NA,NA,NA,0.733101296926148,0.6,1,NA,NA,0.799155733050917,NA
"136","Morocco",0.6,0.400391014405293,NA,NA,NA,NA,NA,NA,NA,NA,0.75,NA,0.843814684061398,NA,0.919608731928305,0.6,NA,0.846483762094315,NA,NA,NA,NA,0.771304137407592,0.699923449406758,1,NA,NA,0.827296755539041,0.600600110375224
"137","Zambia",NA,NA,NA,NA,0.672586213314905,0.689694880653048,0.582153909640662,0.657765809060385,NA,NA,0.7125,0.992507443007207,0.78324966735153,0.924892809276115,NA,NA,0.893079103107039,0.866666666666667,NA,NA,NA,0.924892809276115,0.666090098194323,NA,0.979742557637644,0.879806363044659,NA,0.989940430359021,NA
"138","Zimbabwe",NA,NA,NA,NA,0.538243017268925,0.610787811642366,0.608035323892317,0.74381005513061,NA,NA,0.652941176470588,0.999966543915936,0.790191906477876,0.955875031824777,0.958406537130143,NA,0.91156019363607,NA,0.986803644655363,NA,0.717611747216859,0.955875031824777,0.583897303112806,0.933333333333333,0.990060999023221,0.818716630880767,0.975866336933845,NA,1
"139","Guinea",NA,0.4,NA,0.8,NA,NA,NA,NA,NA,NA,0.69047619047619,NA,NA,NA,0.898981588400654,0.6,0.600758929512508,0.401722877891984,NA,NA,NA,0.822222222222222,0.733296342797486,0.201026956714199,0.986266692367165,NA,NA,0.938777716709401,1
"140","Libya",NA,0.495360883174164,NA,NA,NA,NA,NA,NA,NA,NA,0.766666666666667,NA,NA,0.2,0.926788557115327,NA,NA,0.738541817705393,NA,NA,NA,NA,0.799861545191976,0.733184709029594,1,NA,NA,0.983409767436387,NA
"141","Guinea-Bissau",NA,0.4,NA,NA,NA,NA,NA,NA,NA,NA,0.7,NA,NA,NA,0.941419638732687,0.6,0.799979616095685,0.40341487536156,NA,NA,NA,0.85,0.685534016942234,0.6,0.797478370705252,NA,NA,0.914448868467911,1
"142","Mali",NA,NA,NA,NA,0.561775981841069,0.575418795856622,0.482581083241854,0.500692342502326,NA,NA,0.626666666666667,0.385743065918206,0.80289517000129,NA,0.955221857911295,NA,0.538066436197619,0.218156925787685,NA,NA,0.558187836078412,0.600535728836559,0.666666666666667,NA,0.999987684329779,0.757632852112596,NA,0.995491282613459,NA
"143","Mauritania",NA,0.4,NA,NA,NA,NA,NA,NA,NA,NA,NA,NA,NA,NA,0.920366373076235,0.6,0.44141615913677,0.402014286897517,NA,NA,NA,0.849945123135552,0.72485330288171,0.21667777402784,1,NA,NA,0.885353060379736,1
"144","Mayotte",NA,0.467478145284774,NA,NA,NA,NA,NA,NA,NA,NA,0.6,0.98048596066698,NA,NA,NA,NA,0.6,NA,NA,NA,NA,0.9,0.8,0.6,NA,0.999984230629156,NA,1,NA
"145","Rwanda",NA,NA,NA,0.7,NA,NA,NA,NA,NA,NA,0.775,NA,NA,0.2,NA,NA,0.971529258508501,0.402522881032323,NA,NA,NA,0.488709364587573,0.49956810257498,NA,0.994781116653747,NA,NA,0.990615501580009,1
"146","Réunion",0.4,0.8,NA,0.6,0.75,0.56,0.56,NA,NA,NA,0.461538461538462,0.2,NA,NA,0.5,NA,NA,NA,0.6,NA,NA,0.85,NA,0.6,1,0.975,NA,NA,NA
"147","Senegal",NA,0.442397760041083,NA,NA,NA,NA,NA,NA,NA,NA,0.742857142857143,NA,NA,NA,0.969744187651889,0.6,0.500166390711052,0.443520439518237,NA,NA,NA,0.85,0.771054782543163,0.202106681061193,0.992412208502617,NA,NA,0.942566890703862,1
"148","Sierra Leone",NA,0.426713221190197,NA,0.8,NA,NA,NA,NA,NA,NA,0.671428571428571,NA,NA,NA,0.940092486219426,0.6,0.600711591717394,0.409550622760869,NA,NA,NA,0.822222222222222,0.65,0.201634005981299,0.984008502616884,NA,NA,0.963945036232102,1
"149","Lesotho",NA,NA,NA,NA,NA,NA,NA,NA,NA,NA,NA,0.999981872503655,0.800206074067747,0.801034492572266,NA,NA,1,NA,0.944250610729687,NA,NA,NA,0.6,NA,1,0.698617114738616,0.934233155547666,NA,NA
"150","Liberia",NA,0.4,NA,0.8,0.644511097975114,0.599045915751027,0.59349109719848,0.592907973959524,NA,NA,0.628169014084507,NA,0.80011838552144,NA,NA,0.6,0.587231578901884,0.407018994980494,NA,NA,NA,0.85,0.815067780398732,0.20169087844503,0.95720756761938,NA,NA,0.94416148425542,1
"151","Madagascar",NA,0.597425165878697,NA,0.733333333333333,NA,NA,NA,NA,NA,0.4,0.507182320441989,NA,0.8,NA,NA,0.6,0.866274140050236,0.7,NA,NA,NA,0.711111111111111,NA,0.403918225699089,0.467062046572955,NA,NA,NA,0.605090594625483
"152","Malawi",NA,NA,NA,NA,NA,NA,NA,NA,NA,NA,0.638095238095238,0.995919106383244,NA,0.988671665481725,NA,NA,0.811870227274026,0.6,NA,NA,NA,0.2,0.593370685315881,0.6,0.92697407805575,NA,NA,0.992053277173007,1
"153","Benin",NA,NA,NA,0.8,NA,NA,NA,NA,NA,NA,0.7,NA,0.801048617463582,NA,NA,0.6,0.6,0.408540385198489,NA,NA,NA,0.885714285714286,0.771314124385374,NA,0.982831388658073,NA,NA,0.931117518619192,1
"154","Botswana",NA,NA,NA,NA,0.591911552404269,0.594691475134123,0.58326216860406,NA,NA,NA,0.9,0.997358768054439,0.756652265172564,NA,NA,NA,0.657271380637186,0.8,NA,NA,0.713855112108293,0.468299367500039,0.545942138842758,NA,0.984570044637614,0.795795209928801,0.967583499915619,NA,1
"155","Burkina Faso",NA,NA,NA,NA,0.53361948725292,0.47740737199325,0.469575577320142,NA,0.9384949850039,NA,0.766666666666667,0.240499393785833,0.802949473040498,NA,0.975689437876594,NA,0.6,0.201586604658115,0.936588630675281,NA,0.530997341487048,NA,0.799031676622752,NA,NA,0.65108382756556,0.826776735512784,0.998663023087639,NA
"156","Burundi",NA,NA,NA,0.6,NA,NA,NA,NA,NA,NA,0.84,0.701937857931356,NA,NA,NA,NA,0.985305367389616,0.4,NA,NA,NA,0.6,0.5,NA,1,NA,NA,0.999986933611992,NA
"157","Cameroon",NA,0.4,NA,0.8,NA,NA,NA,NA,NA,NA,0.651388888888889,NA,NA,0.959218232544876,0.826103440421336,0.6,0.685175105106666,0.418519827042348,NA,NA,NA,0.769413674408657,0.851146936969327,0.20080507598045,0.933311366947951,NA,NA,0.936437552271355,0.8000658376136
"158","Central African Republic",NA,NA,NA,0.8,0.665086241484506,0.632350400557492,0.597118183153546,0.723089466979636,NA,NA,0.728571428571429,0.604391175209966,0.738755201824379,0.8,NA,NA,0.990039549845645,0.4,NA,NA,0.531846395220204,0.8,0.791522117688731,NA,0.935862198727778,0.756358647284995,NA,0.991275527932977,NA
"159","Chad",NA,NA,NA,NA,0.542198147717469,0.51108618427741,0.474547154890535,0.500749509552311,NA,NA,0.742857142857143,0.236827578500156,0.803697520811391,0.799721062677136,0.973226379748906,NA,0.693468376498315,0.0622054987588383,0.930993926648165,NA,NA,0.799762643037252,0.787300640083083,NA,0.972506029615909,0.801227869015806,0.86342232572298,0.967936975289566,NA
"160","Comoros",NA,0.49309896848946,NA,0.6,NA,NA,NA,NA,NA,NA,0.6,0.264229915956617,NA,NA,NA,NA,0.6,NA,NA,NA,NA,0.885714285714286,0.84,0.6,0.871443325959538,NA,NA,0.99983635374218,1
"161","Congo",NA,0.4,NA,0.8,0.647703605102411,0.604531582233908,NA,NA,NA,NA,0.68955223880597,NA,0.734234108634829,NA,NA,0.6,0.614300762850012,0.4,NA,NA,NA,0.885714285714286,0.76,0.200293560684453,0.608195122765099,NA,NA,0.926721940587614,1
"162","Congo, The Democratic Republic of the",NA,NA,NA,0.8,NA,NA,NA,NA,NA,NA,0.713725490196078,NA,NA,NA,NA,0.6,NA,NA,NA,NA,NA,NA,NA,NA,NA,NA,NA,NA,NA
"163","Côte d'Ivoire",NA,NA,NA,0.8,NA,NA,NA,NA,NA,NA,0.617112299465241,NA,NA,NA,NA,0.6,NA,0.7,NA,NA,NA,0.85,0.76,NA,NA,NA,NA,NA,NA
"164","Djibouti",0.6,0.6,NA,NA,0.6,0.60064298030634,0.6,0.6,NA,NA,0.628571428571429,0.611108863879959,0.866695121429715,NA,NA,0.6,0.923223277298383,0.800919920036741,0.96814006065012,NA,0.650122010526982,0.88,0.76,1,1,0.949926705072489,0.868838032285307,0.999794978062387,0.400364716297949
"165","Eritrea",0.6,NA,NA,NA,NA,NA,NA,NA,NA,NA,0.7,NA,0.800578178148051,NA,NA,0.6,0.608037108928265,0.714757116546744,0.935418391553438,NA,0.609949608477134,0.9,0.666666666666667,NA,1,NA,NA,0.897367797601974,1
"166","Ethiopia",0.6,NA,NA,NA,0.477807061368353,0.560454956921355,0.546763103137047,NA,NA,NA,0.789189189189189,0.854732197984853,0.802540660986975,0.999994077498306,NA,0.6,0.945678946260353,0.652203682685309,NA,NA,NA,0.399998519374576,0.730834988147841,0.935941688123056,0.939543312709566,0.775968837393692,NA,0.952587159198731,NA
"167","Gabon",NA,0.4,NA,0.8,0.631118892657493,0.613665496372358,0.561462469300167,0.572809522371794,NA,NA,0.687719298245614,NA,0.733663829790663,NA,NA,0.6,0.608363414071652,0.4,NA,NA,NA,0.85,0.799959872509207,0.201973048122118,0.897374758390048,NA,NA,0.927557110613415,1
"168","Gambia",NA,0.4,NA,NA,0.599846771333311,0.633292000122389,0.55990191862444,0.599846771607415,NA,NA,0.7,NA,0.800128841843262,NA,NA,0.6,0.400234491486707,1,NA,NA,NA,0.85,0.724977462348344,0.201031192126641,0.9999971391431,NA,NA,0.929391061838532,1
"169","Ghana",NA,0.4,NA,0.8,0.62849223980639,0.615110805589101,0.575111878052173,0.599323205937318,NA,NA,0.609259259259259,NA,0.734961488046755,NA,NA,0.6,0.602252836959012,0.422834315442404,NA,NA,NA,0.85,0.777777777777778,0.20049430557973,0.970531354355506,NA,NA,0.913722292121504,1
"170","Somalia",0.6,0.511319330026411,NA,NA,0.51704665760373,0.600158088525153,0.554093151879936,0.599485348915215,NA,NA,0.802352941176471,NA,0.804198972161061,NA,NA,0.6,0.892207010962168,0.599112436090556,NA,NA,NA,0.85,NA,0.6,0.935529096352083,0.946078074613751,NA,NA,0.7
"171","Sudan",0.5,0.502353200920735,NA,NA,NA,NA,NA,NA,NA,NA,0.706666666666667,NA,0.804837433682443,0.8,NA,0.6,NA,0.603022731308023,NA,NA,NA,0.89553455819739,0.798811967727367,0.733333333333333,1,NA,NA,NA,NA
"172","Tanzania, United Republic of",0.8,NA,NA,0.8,NA,NA,NA,NA,NA,NA,0.595876288659794,NA,NA,NA,NA,0.6,NA,NA,NA,NA,NA,NA,NA,NA,NA,NA,NA,NA,NA
"173","Togo",NA,NA,NA,0.8,NA,NA,NA,NA,NA,NA,0.695652173913043,NA,0.800527487576298,NA,0.964916427563287,0.6,0.6,0.405074213762765,NA,NA,NA,0.885714285714286,0.685714285714286,NA,0.998614896369859,NA,NA,0.933393180428649,NA
"174","Uganda",NA,NA,NA,0.7,NA,NA,NA,NA,NA,NA,0.701960784313725,0.537448123688226,0.735464723059323,0.995629874460822,NA,NA,NA,0.41579331131767,NA,NA,NA,0.703844820729446,0.503313798442396,0.6,0.983021892281982,0.729076292467287,NA,NA,1
"175","Mozambique",NA,0.489402417498101,NA,NA,0.501079487241773,NA,0.666753074034294,0.746767184767089,NA,NA,0.663414634146341,NA,0.782676288605849,0.84424169895485,NA,0.6,0.883643299105327,NA,NA,NA,NA,0.858900408409576,NA,0.769957148047398,0.771784777789634,NA,NA,NA,NA
"176","Niger",NA,NA,NA,NA,0.535301432203664,0.55263122206018,0.505554174339635,0.525292085584752,0.913115278359559,NA,0.68,0.183896479394206,0.80175930385877,NA,0.958893293835446,NA,0.470736274567156,0.0490802219218698,0.89940431439852,NA,0.48786932507937,0.8,0.666666666666667,0.8,1,0.737245247301121,0.840672840464557,0.969696778831622,NA
"177","Nigeria",NA,0.4,NA,0.8,NA,NA,NA,NA,NA,NA,0.627480916030534,NA,NA,1,0.926761345465362,0.6,0.676769975708253,0.350545574869684,NA,NA,NA,0.85,0.839620088877305,0.201891581820932,0.971743042167363,NA,NA,0.910727386331048,1
"178","Kenya",0.533333333333333,0.480214602400913,NA,NA,NA,NA,NA,NA,NA,NA,0.6576,NA,0.782048474989632,0.969757688866431,NA,0.6,NA,0.401921136845131,NA,NA,NA,0.861398485578831,NA,0.670255311612738,0.932333820322322,NA,NA,NA,0.550218139881336
"179","Guatemala",NA,NA,NA,NA,NA,NA,NA,NA,NA,NA,0.614457831325301,NA,0.669089113681188,0.717127865747597,0.6,0.6,NA,0.800751305815298,0.925398953918795,NA,0.733844868343199,0.800502321561037,0.775757730540517,0.577779203779426,0.77224520500659,NA,0.934211552542225,0.799991902551787,0.783549938012475
"180","Belize",NA,NA,NA,NA,NA,NA,NA,NA,NA,NA,0.622222222222222,NA,0.667208282109438,0.592612937069409,0.998087782963421,0.6,NA,0.8,0.940424042901182,NA,0.600233827457873,0.800639329714831,0.834106120090755,0.6,0.93336279717795,NA,0.87523328860276,0.724988988071109,1
"181","El Salvador",NA,0.599392228453606,NA,NA,0.599392228453606,0.599392228453606,0.599392228453606,0.560904785645658,NA,NA,0.674285714285714,NA,0.667011406216231,0.608819377324528,1,0.6,0.800071645206769,0.9,0.974946766559735,NA,0.600429563478971,0.866666666666667,0.799701273083616,0.622262264488052,0.866714430137846,0.989524862473364,0.960419055640247,0.7,0.800031757941861
"182","Panama",0.4,0.598473805849884,NA,NA,NA,NA,NA,NA,NA,NA,0.587859424920128,NA,0.668309936259104,0.542832560303006,0.798342043162616,0.6,0.852354598017654,0.8,0.944474594480171,NA,0.600731920725145,0.801140882882066,0.821168004552559,0.997991027424371,0.915059770018277,NA,NA,0.683301399698794,0.401029454570905
"183","Heard Island and McDonald Islands",NA,NA,NA,NA,NA,NA,NA,NA,NA,NA,NA,NA,NA,NA,NA,NA,NA,NA,NA,NA,NA,NA,NA,NA,NA,NA,NA,NA,NA
"184","Bouvet Island",NA,NA,NA,NA,NA,0.6,0.6,0.6,NA,NA,NA,NA,NA,NA,NA,NA,NA,NA,NA,NA,NA,NA,NA,1,NA,NA,NA,NA,1
"185","Antarctica",NA,NA,NA,NA,NA,0.6,0.6,0.6,NA,NA,NA,NA,NA,NA,NA,NA,NA,NA,NA,NA,NA,NA,NA,1,1,NA,1,NA,0.852630580643837
"186","Moldova",NA,NA,NA,NA,NA,NA,NA,NA,NA,NA,NA,0.999611328653595,NA,NA,0.9000752113147,NA,1,NA,NA,0.971582885797878,NA,NA,0.598722357022151,1,1,0.999805664326798,NA,NA,NA
"187","Belarus",NA,NA,NA,NA,NA,NA,NA,NA,NA,NA,NA,0.4037332197433,0.801293214226702,NA,0.959654643554313,NA,1,NA,NA,1,NA,NA,0.2,1,0.733333333333333,0.998462538612349,NA,NA,1
"188","Mongolia",NA,NA,0.6,0.8,NA,NA,NA,NA,NA,NA,NA,0.6,NA,0.981933456984619,NA,NA,0.6,NA,NA,1,NA,NA,NA,NA,1,NA,NA,0.790539428958114,0.873677667239613
"189","Macao",NA,NA,NA,NA,NA,NA,NA,NA,NA,NA,NA,NA,NA,NA,NA,NA,NA,NA,1,NA,NA,NA,NA,NA,NA,NA,1,NA,NA
"190","Hong Kong",NA,NA,NA,NA,0.5,0.4,0.4,0.6,NA,NA,0.7,0.72,1,0.6,NA,NA,0.8,0.8,NA,NA,NA,0.833333333333333,NA,0.8,NA,0.885714285714286,NA,NA,NA
"191","Korea, Democratic People's Republic of",NA,NA,NA,NA,NA,NA,NA,NA,NA,NA,0.7,NA,0.8,NA,0.933333333333333,NA,0.2,NA,NA,NA,NA,0.68,NA,NA,1,NA,NA,1,NA
"192","Korea, Republic of",NA,NA,NA,NA,NA,NA,NA,NA,NA,NA,0.8,NA,0.933333333333333,NA,NA,NA,0.2,NA,NA,NA,NA,0.777777777777778,NA,NA,1,NA,NA,NA,NA
"193","Saint Pierre and Miquelon",NA,NA,NA,NA,NA,NA,NA,NA,NA,NA,NA,NA,NA,NA,NA,NA,NA,NA,1,NA,1,NA,0.733333333333333,NA,NA,NA,NA,NA,NA
"194","Saint Martin (French part)",NA,NA,NA,NA,NA,NA,NA,NA,NA,NA,0.533333333333333,NA,NA,NA,NA,0.6,0.2,0.6,0.866666666666667,NA,0.5,0.666666666666667,0.8,NA,NA,NA,NA,NA,NA
"195","Saint Barthélemy",NA,NA,NA,NA,NA,NA,NA,NA,NA,NA,0.6,NA,NA,NA,NA,NA,NA,0.6,NA,NA,0.4,0.64,NA,NA,NA,NA,NA,NA,NA
"196","American Samoa",NA,0.4,NA,NA,NA,NA,NA,NA,NA,NA,0.7,0.399987666288905,NA,0.6,NA,0.6,NA,NA,0.974388647518455,NA,1,0.85,0.771428571428571,0.6,0.6,0.975,0.7,1,1
"197","Cook Islands",NA,NA,NA,NA,NA,NA,NA,NA,NA,NA,0.6,0.6,NA,NA,NA,0.6,NA,NA,1,0.6,NA,0.85,0.84,NA,1,0.977777777777778,0.7,NA,NA
"198","French Polynesia",0.6,NA,NA,NA,NA,NA,NA,NA,NA,NA,0.508045977011494,NA,NA,0.6,NA,0.6,NA,NA,1,0.0340425531914894,1,0.85,0.8,NA,NA,0.93321514084958,0.6,0.839846865979353,1
"199","Solomon Islands",NA,NA,NA,NA,NA,NA,NA,NA,NA,NA,0.769230769230769,NA,0.0666666666666667,0.6,NA,0.6,NA,NA,NA,NA,NA,0.85,NA,NA,NA,NA,NA,NA,NA
"200","United States Minor Outlying Islands",NA,NA,NA,NA,NA,NA,NA,NA,NA,NA,NA,NA,NA,NA,NA,NA,NA,NA,0.6,NA,NA,0.85,NA,NA,NA,0.911111111111111,1,1,NA
"201","Australia",0.8,NA,NA,NA,NA,NA,NA,NA,NA,NA,0.709090909090909,NA,NA,0.6,NA,0.6,0.764025499443187,NA,NA,NA,NA,NA,NA,0.744995781871497,NA,NA,NA,NA,0.771830430948284
"202","New Zealand",0.4,0.790638787116561,NA,NA,NA,NA,NA,NA,NA,NA,0.6875,NA,0.478317906228198,NA,0.514832026879855,0.6,NA,1,NA,NA,0.73346408053671,0.777777777777778,0.748026560445254,NA,NA,NA,NA,0.732546284169449,0.999114710888497
"203","Papua New Guinea",NA,0.729579558667876,NA,0.5,NA,NA,NA,NA,NA,NA,0.745454545454545,NA,NA,0.6,NA,0.6,0.6,0.93345152436772,0.87686399684585,NA,NA,0.85,NA,0.83249060268361,0.8,0.941570182151695,0.869730255712043,NA,0.800442425081984
"204","Kiribati",NA,0.4,NA,NA,NA,NA,NA,NA,NA,NA,1,0.599655323374742,NA,NA,NA,0.6,NA,NA,1,NA,1,0.85,0.8,0.6,NA,0.975,0.7,NA,1
"205","Portugal",0.6,0.52150077029181,NA,NA,NA,NA,NA,NA,NA,NA,0.741666666666667,NA,NA,NA,0.958532895748408,0.6,NA,NA,NA,NA,NA,NA,0.866283825871668,0.997652609666509,NA,NA,NA,NA,NA
"206","France",NA,0.597849578436848,NA,0.6,NA,NA,NA,NA,NA,NA,1,NA,0.8,NA,0.851865226991765,NA,NA,0.911879176727881,NA,NA,NA,NA,NA,0.839472469083168,0.872727272727273,NA,NA,NA,NA
"207","Greece",0.6,0.595518843346919,NA,0.8,NA,NA,NA,NA,NA,NA,0.893333333333333,NA,0.8,NA,0.889065216810101,NA,NA,0.905333322551625,NA,NA,NA,NA,0.748971140705593,0.883471340823913,0.911111111111111,NA,NA,NA,NA
"208","Spain",0.6,0.597787869453883,NA,0.8,NA,NA,NA,NA,NA,NA,0.770588235294118,NA,0.500015165178676,NA,0.844413323770622,NA,NA,0.903774439829125,NA,NA,NA,NA,0.824072898522909,0.799432940463932,NA,NA,NA,NA,0.6
"209","United Kingdom",NA,0.4,NA,NA,NA,NA,NA,NA,NA,NA,0.533333333333333,NA,NA,NA,0.960193597280827,NA,NA,NA,NA,NA,NA,NA,NA,0.997459184963642,0.85,NA,NA,NA,NA
"210","Italy",NA,0.597777249899311,NA,0.6,NA,NA,NA,NA,NA,NA,0.733333333333333,NA,0.8,NA,0.782912693109171,NA,NA,0.902211414737962,NA,NA,NA,NA,0.799285375258451,0.839451693101447,0.933333333333333,NA,NA,NA,1
"211","Serbia",NA,0.6,NA,0.8,NA,NA,NA,NA,NA,NA,0.833333333333333,NA,0.8,NA,0.933351702823593,NA,NA,NA,NA,NA,NA,NA,0.994806892668417,0.9,0.85,0.999599973225075,NA,NA,0.629500127412075
"212","Brazil",NA,0.532215141551578,0.4,NA,NA,NA,NA,NA,NA,NA,0.593227091633466,NA,0.799487128179374,NA,NA,0.6,0.748180500168834,0.701550519561873,NA,NA,0.864120501059383,0.797780020871086,0.82636723604782,0.565032671850711,NA,NA,NA,NA,0.54196325226301
"213","Chile",0.36,0.612603212651227,NA,NA,NA,NA,NA,NA,NA,NA,0.52967032967033,NA,0.68,NA,0.414196569341627,0.6,0.705905133417368,1,NA,NA,NA,0.85,0.865994277070655,0.718345966837577,NA,NA,NA,0.684265417465943,0.590968364998399
"214","Colombia",NA,0.581753861338893,NA,NA,0.581753861338893,0.582234372811884,0.568975291929709,0.522416766934291,NA,NA,0.569741697416974,NA,0.61404438484569,NA,0.753945568333063,0.6,0.883748860596161,0.733622778793329,NA,NA,0.78610016441796,0.793742881674481,0.79565652818276,0.849718537780836,0.530016135782282,NA,NA,0.673381805788546,0.52164009510197
"215","Ecuador",NA,0.615930553626122,NA,NA,NA,NA,NA,NA,NA,NA,0.651327433628319,NA,0.668451410210317,NA,NA,0.6,0.854536610461803,0.800156450564327,NA,NA,0.604012642617826,0.873657280549361,0.797245606663654,0.879730043473745,NA,NA,NA,0.54260852960143,0.570523116336107
"216","Argentina",NA,NA,NA,NA,NA,NA,NA,NA,NA,NA,0.63921568627451,NA,0.704145743194536,NA,0.559263156365871,0.6,NA,0.800733488337002,NA,NA,0.681437446343952,NA,0.79871720576008,0.709113611555736,NA,NA,NA,NA,NA
"217","Puerto Rico",NA,0.499807574854113,NA,NA,NA,NA,NA,NA,NA,NA,0.49873417721519,0.499953815375842,NA,0.2,0.250063271627705,0.6,0.2,0.6,NA,NA,NA,0.716639561450912,0.8,0.6,NA,NA,NA,0.799943887793019,0.333680420029461
"218","Netherlands Antilles",NA,NA,NA,NA,NA,NA,NA,NA,NA,NA,NA,NA,NA,NA,NA,NA,NA,NA,NA,NA,NA,NA,NA,NA,NA,NA,NA,NA,NA
"219","Egypt",0.5,0.483763474911995,NA,NA,NA,NA,NA,NA,NA,NA,0.533333333333333,NA,0.802255060375081,0.3,NA,0.6,NA,0.686670702959452,NA,NA,NA,NA,0.649760898876091,0.666634900958728,1,NA,NA,0.913033635814792,NA
"220","Mauritius",0.4,NA,NA,NA,NA,NA,NA,NA,NA,NA,0.405555555555556,NA,NA,NA,0.4,NA,NA,NA,NA,NA,NA,0.866666666666667,NA,0.6,0.65,NA,NA,NA,0.400593821123879
"221","Seychelles",0.466666666666667,0.798173537150579,NA,NA,NA,NA,NA,NA,NA,0.542857142857143,0.588235294117647,NA,NA,0.1,NA,NA,0.6,NA,NA,NA,NA,0.63,NA,0.500006504924046,NA,NA,NA,NA,1
"222","Equatorial Guinea",NA,0.4,NA,0.8,0.6438742855706,NA,0.594951157957155,0.653988114095454,NA,NA,0.684615384615385,NA,0.8,NA,0.875555379145769,0.6,0.600873624537978,0.4,NA,NA,NA,0.85,0.866666666666667,0.200549317180076,0.987395431410373,NA,NA,0.971566461249892,1
"223","South Africa",0.8,0.400860013417795,0.6,NA,NA,NA,NA,NA,NA,NA,0.692035398230088,NA,0.738832567121207,0.769049144793306,NA,0.6,0.589793758411409,NA,0.924818422795664,NA,NA,NA,0.769591943962002,0.491397979850948,NA,NA,NA,NA,NA
"224","Angola",NA,0.426834929541511,NA,0.8,0.634763235635391,0.651036949971738,0.596073074369741,0.721581499278604,NA,NA,0.726086956521739,NA,0.718935419878947,0.2,0.976583533426869,0.6,0.615277273189868,NA,NA,NA,NA,0.838116006786094,NA,NA,0.991012198153715,NA,0.947520132669388,0.94103654916975,1
"225","Namibia",NA,0.444400727470851,NA,NA,0.586705724899716,NA,NA,NA,NA,NA,0.761904761904762,NA,0.752912707780406,NA,NA,0.6,0.729886801407945,NA,NA,NA,NA,NA,0.744141102472171,0.723412031305647,0.988334016993601,NA,NA,NA,0.800484811320013
"226","Mexico",NA,NA,NA,NA,NA,NA,NA,NA,NA,NA,0.605970149253731,NA,0.69337673647347,NA,0.504120906982403,0.6,NA,NA,NA,NA,NA,0.733642622783762,0.756070336987931,NA,NA,NA,NA,NA,NA
"227","Costa Rica",NA,0.57096325571326,NA,NA,NA,NA,NA,NA,NA,NA,0.636619718309859,NA,0.667854164449872,0.541573033826881,0.499803829388248,0.6,0.565159801322547,0.8,0.940902965489308,NA,0.600513570853927,0.882038639161735,0.799475129442376,0.699946127726353,0.933758799118689,NA,NA,0.759984282522577,0.500908202832511
"228","Honduras",NA,0.559539057178774,NA,NA,0.482626483698214,0.482626483698214,0.482626483698214,0.452886947281459,NA,NA,0.528440366972477,NA,0.669006258396041,0.623110017016959,0.6,0.6,0.654004527321351,0.8,0.938573571805937,NA,0.601166139794174,0.806709772218586,0.773815621875222,0.615351441138871,0.834609478857206,NA,NA,0.699975102925225,1
"229","Nicaragua",NA,0.598102991177316,NA,NA,0.533860664212797,0.533860664212797,0.533860664212797,0.523624124982437,NA,NA,0.673913043478261,NA,0.669587219944763,0.62593478191845,0.998156163152486,0.6,0.706947191784566,0.8,0.956069909815652,NA,0.6013180476611,0.807419068566855,0.798383498270865,0.799878558252667,0.921488963658103,NA,0.950846394660241,0.685700727750679,1
"230","South Georgia and the South Sandwich Islands",NA,NA,NA,NA,NA,0.6,0.6,0.6,NA,NA,NA,NA,NA,NA,NA,NA,NA,1,NA,NA,NA,0.9,NA,1,NA,NA,NA,NA,NA
"231","Russian Federation",NA,NA,NA,0.8,NA,NA,NA,NA,NA,NA,0.95,NA,NA,1,NA,NA,NA,NA,NA,NA,NA,NA,NA,NA,NA,NA,NA,NA,NA
"232","Ukraine",NA,NA,NA,0.8,NA,NA,NA,NA,NA,NA,NA,0.991613295408173,0.702349008195329,NA,0.920505434622233,NA,NA,0.920180074465836,NA,0.973660079124679,NA,NA,0.74112234265971,1,0.866666666666667,0.966517757174026,NA,NA,1
"233","China",0.4,NA,0.6,NA,NA,NA,NA,NA,NA,0.625,0.58695652173913,NA,NA,0.636781014647141,NA,0.6,0.56857747248974,NA,NA,NA,NA,NA,NA,0.605551069150076,0.630605311241445,NA,NA,NA,0.645277412718439
"234","Taiwan, Province of China",NA,NA,NA,0.6,NA,NA,NA,NA,NA,0.8,0.578,NA,0.8,0.733333333333333,NA,0.6,NA,NA,NA,NA,NA,0.85,NA,NA,0.775,NA,NA,NA,NA
"235","Japan",NA,0.465830215375428,NA,0.6,NA,NA,NA,NA,NA,NA,0.65,NA,0.9,0.6,NA,0.6,0.699886621110207,NA,NA,NA,NA,0.816666651039852,NA,0.739723457845485,NA,NA,NA,NA,0.418496342688263
"236","Canada",NA,0.462829392790479,0.542857142857143,NA,NA,NA,NA,NA,NA,NA,0.725,NA,0.899726064702687,0.6,NA,0.6,NA,0.865466021729333,NA,NA,NA,NA,0.799841891636432,0.768951553744642,NA,NA,NA,NA,0.95417440116794
"237","United States",0.333333333333333,0.55644123846969,NA,NA,NA,NA,NA,NA,NA,NA,0.489398280802292,NA,0.902388707511335,NA,NA,0.6,NA,NA,NA,NA,NA,NA,NA,NA,NA,NA,NA,NA,NA
"238","Bolivia, Plurinational States of",NA,NA,NA,NA,NA,NA,NA,NA,NA,NA,0.639344262295082,NA,NA,NA,NA,NA,NA,0.8,NA,NA,NA,NA,0.5,0.8,NA,NA,NA,NA,NA
"239","Saint Helena, Ascension and Tristan da Cunha",0.4,NA,0.7,NA,NA,NA,NA,NA,NA,NA,0.27,NA,NA,0.261538461538461,NA,0.6,NA,NA,NA,NA,NA,0.885714285714286,0.8,NA,NA,NA,NA,NA,1
"240","Curaçao",NA,NA,NA,NA,NA,NA,NA,NA,NA,NA,0.6,NA,NA,NA,NA,0.6,0.2,0.6,NA,NA,NA,0.666666666666667,0.8,NA,1,NA,NA,NA,NA
"241","Sint Maarten (Dutch part)",NA,NA,NA,NA,NA,NA,NA,NA,NA,NA,0.533333333333333,NA,NA,NA,NA,0.6,0.2,0.6,0.866666666666667,NA,0.5,0.666666666666667,0.8,NA,NA,NA,NA,NA,NA
"242","Bonaire, Sint Eustatius and Saba",NA,NA,NA,NA,NA,NA,NA,NA,NA,NA,0.533333333333333,NA,NA,NA,NA,NA,0.2,0.6,NA,NA,0.5,0.666666666666667,0.8,NA,NA,NA,NA,NA,NA
"243","South Sudan",NA,NA,NA,NA,0.6,0.553127688796744,0.503115054320477,0.596592055426063,0.961603920535436,NA,0.741666666666667,0.572621089743821,0.79900365296526,0.988598492868794,0.954778233739967,NA,0.661150840894159,0.4,0.939187870567958,NA,0.622046847765015,0.8,0.793044716973182,NA,0.971542541937529,0.80461961466355,0.866772937072646,0.916207724513629,NA
"244","French Southern Territories",NA,0.4,NA,NA,0.4,0.588479306822739,0.588479306822739,0.588479306822739,0.865051128234588,NA,NA,0.2,NA,NA,0.4,NA,NA,NA,0.999896536570216,NA,NA,0.2,NA,0.998284990568814,1,1,1,1,0.998929945624898
"245","Micronesia, Federated States of ",NA,NA,NA,NA,NA,NA,NA,NA,NA,NA,0.76,NA,NA,0.6,NA,0.6,NA,NA,NA,NA,1,0.85,0.72,NA,0.6,NA,0.7,0.866666666666667,NA
"246","Venezuela, Bolivarian Republic of",NA,NA,NA,NA,NA,NA,NA,NA,NA,NA,0.721495327102804,NA,0.8,NA,NA,0.6,NA,0.76,NA,NA,NA,NA,NA,NA,NA,NA,NA,NA,NA
"247","Palestine, State of",NA,NA,NA,NA,NA,NA,NA,NA,NA,NA,NA,NA,NA,NA,NA,NA,NA,NA,NA,NA,NA,NA,NA,NA,NA,NA,NA,NA,NA
"248","Czechia",NA,NA,NA,NA,NA,NA,NA,NA,NA,NA,NA,NA,NA,NA,NA,NA,NA,NA,NA,NA,NA,NA,NA,NA,NA,NA,NA,NA,NA
"249","Cabo Verde",NA,NA,NA,NA,NA,NA,NA,NA,NA,NA,NA,NA,NA,NA,NA,NA,NA,NA,NA,NA,NA,NA,NA,NA,NA,NA,NA,NA,NA
"250","Eswatini",NA,NA,NA,NA,NA,NA,NA,NA,NA,NA,NA,NA,NA,NA,NA,NA,NA,NA,NA,NA,NA,NA,NA,NA,NA,NA,NA,NA,NA
"251","Sao Tome and Principe",NA,NA,NA,NA,NA,NA,NA,NA,NA,NA,NA,NA,NA,NA,NA,NA,NA,NA,NA,NA,NA,NA,NA,NA,NA,NA,NA,NA,NA
