"","x"
"1",3
"2",4
"3",5
"4",6
"5",7
"6",8
"7",9
"8",18
"9",20
"10",43
"11",59
"12",73
"13",75
"14",76
"15",79
"16",81
"17",82
"18",137
"19",138
"20",139
"21",140
"22",142
"23",161
"24",167
"25",168
"26",169
"27",170
"28",171
"29",172
"30",173
"31",174
"32",175
"33",176
"34",177
"35",178
"36",179
"37",180
"38",181
"39",182
"40",183
"41",184
"42",185
"43",186
"44",188
"45",189
"46",190
"47",191
"48",192
"49",193
"50",194
"51",195
"52",197
"53",198
"54",199
"55",200
"56",201
"57",202
"58",203
"59",204
"60",205
"61",207
"62",209
"63",212
"64",213
"65",215
"66",217
"67",218
"68",219
"69",222
"70",223
"71",224
"72",225
"73",227
"74",228
"75",229
"76",230
"77",231
"78",232
"79",233
"80",234
"81",235
"82",236
"83",241
"84",244
"85",245
"86",263
"87",264
"88",265
"89",266
"90",267
"91",268
"92",269
"93",270
"94",271
"95",272
"96",273
"97",275
"98",276
"99",278
"100",279
"101",282
"102",283
"103",313
"104",314
"105",315
"106",499
"107",500
"108",501
"109",502
"110",503
"111",504
"112",505
"113",506
"114",507
"115",508
"116",512
"117",513
"118",520
"119",521
"120",523
"121",526
"122",527
"123",547
"124",548
"125",550
"126",555
"127",556
"128",557
"129",561
"130",562
"131",563
"132",564
"133",565
"134",567
"135",568
"136",569
"137",570
"138",571
"139",572
"140",573
"141",574
"142",575
"143",576
"144",592
"145",593
"146",594
"147",595
"148",596
"149",612
"150",618
"151",619
"152",622
"153",623
"154",624
"155",697
"156",699
"157",700
"158",701
"159",704
"160",705
"161",706
"162",707
"163",708
"164",709
"165",712
"166",714
"167",723
"168",724
"169",725
"170",726
"171",727
"172",728
"173",729
"174",730
"175",731
"176",733
"177",735
"178",736
"179",737
"180",738
"181",739
"182",740
"183",741
"184",742
"185",743
"186",746
"187",747
"188",748
"189",750
"190",751
"191",752
"192",753
"193",754
"194",755
"195",756
"196",757
"197",758
"198",760
"199",761
"200",762
"201",763
"202",764
"203",765
"204",766
"205",772
"206",773
"207",774
"208",775
"209",776
"210",777
"211",778
"212",779
"213",780
"214",781
"215",787
"216",788
"217",789
"218",790
"219",811
"220",840
"221",843
"222",850
"223",851
"224",852
"225",854
"226",855
"227",856
"228",857
"229",858
"230",859
"231",860
"232",861
"233",862
"234",863
"235",865
"236",867
"237",868
"238",869
"239",870
"240",871
"241",872
"242",873
"243",874
"244",875
"245",877
"246",879
"247",881
"248",882
"249",883
"250",884
"251",885
"252",886
"253",887
"254",888
"255",889
"256",890
"257",891
"258",892
"259",899
"260",903
"261",904
"262",905
"263",906
"264",907
"265",908
"266",914
"267",918
"268",928
"269",929
"270",932
"271",939
"272",940
"273",941
"274",942
"275",948
"276",949
"277",950
"278",951
"279",952
"280",953
"281",954
"282",955
"283",956
"284",958
"285",959
"286",977
"287",979
"288",980
"289",984
"290",985
"291",986
"292",987
"293",988
"294",989
"295",990
"296",991
"297",992
"298",993
"299",994
"300",995
"301",996
"302",997
"303",998
"304",999
"305",1000
"306",1001
"307",1002
"308",1003
"309",1074
"310",1075
"311",1076
"312",1078
"313",1079
"314",1080
"315",1086
"316",1087
"317",1089
"318",1093
"319",1095
"320",1098
"321",1099
"322",1117
"323",1118
"324",1119
"325",1120
"326",1137
"327",1140
"328",1141
"329",1146
"330",1147
"331",1148
"332",1149
"333",1151
"334",1154
"335",1167
"336",1168
"337",1169
"338",1170
"339",1172
"340",1173
"341",1174
"342",1176
"343",1178
"344",1181
"345",1190
"346",1199
"347",1256
"348",1257
"349",1259
"350",1261
"351",1262
"352",1263
"353",1264
"354",1265
"355",1271
"356",1272
"357",1273
"358",1282
"359",1285
"360",1286
"361",1287
"362",1288
"363",1289
"364",1290
"365",1291
"366",1292
"367",1294
"368",1295
"369",1296
"370",1298
"371",1299
"372",1301
"373",1307
"374",1308
"375",1312
"376",1317
"377",1319
"378",1541
"379",1550
"380",1551
"381",1553
"382",1555
"383",1559
"384",1564
"385",1566
"386",1568
"387",1569
"388",1581
"389",1583
"390",1584
"391",1587
"392",1589
"393",1590
"394",1591
"395",1615
"396",1617
"397",1620
"398",1676
"399",1677
"400",1681
"401",1781
"402",1783
"403",1786
"404",1787
"405",1789
"406",1790
"407",1793
"408",1794
"409",1802
"410",1807
"411",1808
"412",1843
"413",1846
"414",1847
"415",1848
"416",1849
"417",1850
"418",1854
"419",1855
"420",1858
"421",1869
"422",1888
"423",1890
"424",1891
"425",1892
"426",1894
"427",1896
"428",1897
"429",1898
"430",1899
"431",1900
"432",1901
"433",1902
"434",1903
"435",1904
"436",1905
"437",1906
"438",1907
"439",1910
"440",1911
"441",1912
"442",1913
"443",1914
"444",1915
"445",1916
"446",1917
"447",1920
"448",1921
"449",1933
"450",1935
"451",1991
"452",2016
"453",2017
"454",2018
"455",2045
"456",2053
"457",2054
"458",2055
"459",2057
"460",2058
"461",2059
"462",2060
"463",2061
"464",2062
"465",2089
"466",2092
"467",2094
"468",2097
"469",2098
"470",2100
"471",2107
"472",2109
"473",2110
"474",2111
"475",2113
"476",2114
"477",2116
"478",2117
"479",2119
"480",2121
"481",2122
"482",2123
"483",2124
"484",2125
"485",2126
"486",2127
"487",2129
"488",2130
"489",2131
"490",2132
"491",2136
"492",2137
"493",2139
"494",2140
"495",2143
"496",2144
"497",2145
"498",2146
"499",2147
"500",2148
"501",2149
"502",2150
"503",2153
"504",2155
"505",2156
"506",2160
"507",2161
"508",2171
"509",2173
"510",2174
"511",2176
"512",2178
"513",2179
"514",2181
"515",2182
"516",2183
"517",2184
"518",2185
"519",2186
"520",2187
"521",2188
"522",2190
"523",2191
"524",2193
"525",2194
"526",2196
"527",2197
"528",2218
"529",2271
"530",2274
"531",2275
"532",2276
"533",2279
"534",2282
"535",2283
"536",2295
"537",2296
"538",2297
"539",2298
"540",2346
"541",2352
"542",2353
"543",2354
"544",2358
"545",2375
"546",2376
"547",2377
"548",2379
"549",2395
"550",2396
"551",2397
"552",2398
"553",2404
"554",2405
"555",2406
"556",2407
"557",2408
"558",2409
"559",2410
"560",2411
"561",2412
"562",2417
"563",2420
"564",2421
"565",2422
"566",2424
"567",2425
"568",2426
"569",2427
"570",2428
"571",2429
"572",2430
"573",2431
"574",2432
"575",2434
"576",2435
"577",2436
"578",2446
"579",2447
"580",2461
"581",2462
"582",2463
"583",2465
"584",2466
"585",2467
"586",2474
"587",2475
"588",2476
"589",2477
"590",2478
"591",2480
"592",2529
"593",2531
"594",2532
"595",2533
"596",2538
"597",2539
"598",2540
"599",2541
"600",2542
"601",2548
"602",2553
"603",2560
"604",2561
"605",2562
"606",2564
"607",2566
"608",2567
"609",2568
"610",2569
"611",2572
"612",2573
"613",2574
"614",2575
"615",2576
"616",2577
"617",2578
"618",2580
"619",2581
"620",2582
"621",2584
"622",2585
"623",2587
"624",2588
"625",2589
"626",2590
"627",2591
"628",2592
"629",2593
"630",2594
"631",2603
"632",2604
"633",2613
"634",2614
"635",2615
"636",2616
"637",2619
"638",2620
"639",2621
"640",2643
"641",2644
"642",2645
"643",2647
"644",2648
"645",2649
"646",2664
"647",2665
"648",2666
"649",2671
"650",2672
"651",2673
"652",2675
"653",2676
"654",2681
"655",2682
"656",2683
"657",2684
"658",2685
"659",2686
"660",2687
"661",2688
"662",2689
"663",2690
"664",2691
"665",2692
"666",2693
"667",2694
"668",2696
"669",2697
"670",2698
"671",2699
"672",2700
"673",2701
"674",2702
"675",2703
"676",2704
"677",2705
"678",2706
"679",2707
"680",2708
"681",2709
"682",2710
"683",2711
"684",2712
"685",2713
"686",2714
"687",2715
"688",2716
"689",2717
"690",2718
"691",2719
"692",2720
"693",2721
"694",2722
"695",2724
"696",2725
"697",2726
"698",2728
"699",2729
"700",2732
"701",2734
"702",2735
"703",2737
"704",2739
"705",2741
"706",2742
"707",2743
"708",2745
"709",2746
"710",2747
"711",2748
"712",2749
"713",2750
"714",2751
"715",2752
"716",2753
"717",2754
"718",2755
"719",2756
"720",2759
"721",2762
"722",2763
"723",2767
"724",2768
"725",2769
"726",2770
"727",2777
"728",2783
"729",2784
"730",2785
"731",2787
"732",2796
"733",2797
"734",2798
"735",2801
"736",2802
"737",2803
"738",2805
"739",2806
"740",2807
"741",2808
"742",2809
"743",2810
"744",2811
"745",2812
"746",2814
"747",2815
"748",2816
"749",2817
"750",2818
"751",2823
"752",2824
"753",2825
"754",2827
"755",2828
"756",2839
"757",2845
"758",2846
"759",2857
"760",2858
"761",2859
"762",2860
"763",2861
"764",2862
"765",2863
"766",2864
"767",2865
"768",2875
"769",2877
"770",2878
"771",2879
"772",2880
"773",2881
"774",2882
"775",2885
"776",2886
"777",2888
"778",2890
"779",2891
"780",2892
"781",2893
"782",2894
"783",2906
"784",2907
"785",2908
"786",2909
"787",2910
"788",2917
"789",2953
"790",2957
"791",2961
"792",2962
"793",2963
"794",2965
"795",2982
"796",2983
"797",2991
"798",2993
"799",2994
"800",2995
"801",2997
"802",2998
"803",3009
"804",3012
"805",3017
"806",3023
"807",3036
"808",3037
"809",3038
"810",3041
"811",3043
"812",3049
"813",3050
"814",3051
"815",3052
"816",3053
"817",3062
"818",3063
"819",3064
"820",3065
"821",3066
"822",3067
"823",3068
"824",3069
"825",3070
"826",3083
"827",3121
"828",3126
"829",3127
"830",3128
"831",3129
"832",3160
"833",3169
"834",3170
"835",3172
"836",3173
"837",3176
"838",3177
"839",3179
"840",3180
"841",3181
"842",3282
"843",3283
"844",3284
"845",3285
"846",3286
"847",3287
"848",3288
"849",3289
"850",3290
"851",3291
"852",3292
"853",3293
"854",3294
"855",3295
"856",3296
"857",3297
"858",3298
"859",3299
"860",3300
"861",3301
"862",3307
"863",3308
"864",3309
"865",3310
"866",3311
"867",3312
"868",3313
"869",3314
"870",3315
"871",3316
"872",3317
"873",3318
"874",3320
"875",3322
"876",3323
"877",3324
"878",3326
"879",3327
"880",3328
"881",3329
"882",3330
"883",3332
"884",3333
"885",3334
"886",3338
"887",3339
"888",3381
"889",3385
"890",3386
"891",3387
"892",3390
"893",3391
"894",3392
"895",3393
"896",3394
"897",3396
"898",3397
"899",3398
"900",3399
"901",3400
"902",3401
"903",3402
"904",3403
"905",3404
"906",3405
"907",3406
"908",3407
"909",3408
"910",3409
"911",3410
"912",3411
"913",3413
"914",3414
"915",3415
"916",3416
"917",3438
"918",3439
"919",3440
"920",3441
"921",3446
"922",3447
"923",3448
"924",3449
"925",3450
"926",3461
"927",3463
"928",3512
"929",3513
"930",3519
"931",3522
"932",3523
"933",3549
"934",3553
"935",3554
"936",3555
"937",3564
"938",3570
"939",3571
"940",3572
"941",3575
"942",3589
"943",3590
"944",3591
"945",3592
"946",3593
"947",3594
"948",3595
"949",3596
"950",3597
"951",3598
"952",3599
"953",3600
"954",3601
"955",3602
"956",3603
"957",3604
"958",3605
"959",3609
"960",3610
"961",3611
"962",3612
"963",3613
"964",3614
"965",3615
"966",3616
"967",3617
"968",3618
"969",3619
"970",3620
"971",3621
"972",3622
"973",3623
"974",3626
"975",3627
"976",3628
"977",3648
"978",3649
"979",3650
"980",3651
"981",3669
"982",3670
"983",3671
"984",3672
"985",3673
"986",3674
"987",3676
"988",3677
"989",3678
"990",3679
"991",3680
"992",3681
"993",3682
"994",3683
"995",3684
"996",3685
"997",3686
"998",3687
"999",3688
"1000",3689
"1001",3690
"1002",3691
"1003",3692
"1004",3693
"1005",3694
"1006",3695
"1007",3696
"1008",3697
"1009",3698
"1010",3699
"1011",3700
"1012",3701
"1013",3702
"1014",3703
"1015",3704
"1016",3705
"1017",3706
"1018",3708
"1019",3709
"1020",3714
"1021",3718
"1022",3719
"1023",3736
"1024",3737
"1025",3739
"1026",3745
"1027",3746
"1028",3747
"1029",3748
"1030",3753
"1031",3755
"1032",3759
"1033",3760
"1034",3764
"1035",3765
"1036",3766
"1037",3767
"1038",3768
"1039",3769
"1040",3770
"1041",3778
"1042",3784
"1043",3785
"1044",3786
"1045",3787
"1046",3794
"1047",3795
"1048",3796
"1049",3797
"1050",3798
"1051",3810
"1052",3811
"1053",3812
"1054",3814
"1055",3815
"1056",3816
"1057",3833
"1058",3842
"1059",3844
"1060",3845
"1061",3846
"1062",3847
"1063",3849
"1064",3851
"1065",3852
"1066",3853
"1067",3854
"1068",3855
"1069",3858
"1070",3859
"1071",3875
"1072",3876
"1073",3877
"1074",3878
"1075",3879
"1076",3880
"1077",3881
"1078",3882
"1079",3883
"1080",3884
"1081",3885
"1082",3886
"1083",3887
"1084",3888
"1085",3889
"1086",3890
"1087",3891
"1088",3892
"1089",3893
"1090",3895
"1091",3896
"1092",3897
"1093",3898
"1094",3900
"1095",3903
"1096",3905
"1097",3906
"1098",3916
"1099",3921
"1100",3989
"1101",3990
"1102",3993
"1103",3994
"1104",3995
"1105",3996
"1106",3997
"1107",3998
"1108",3999
"1109",4003
"1110",4007
"1111",4015
"1112",4033
"1113",4037
"1114",4038
"1115",4039
"1116",4040
"1117",4043
"1118",4045
"1119",4046
"1120",4049
"1121",4051
"1122",4052
"1123",4053
"1124",4055
"1125",4062
"1126",4065
"1127",4066
"1128",4068
"1129",4074
"1130",4075
"1131",4081
"1132",4082
"1133",4084
"1134",4089
"1135",4091
"1136",4092
"1137",4094
"1138",4095
"1139",4096
"1140",4097
"1141",4112
"1142",4131
"1143",4133
"1144",4134
"1145",4135
"1146",4137
"1147",4138
"1148",4139
"1149",4140
"1150",4141
"1151",4142
"1152",4143
"1153",4144
"1154",4145
"1155",4146
"1156",4148
"1157",4149
"1158",4150
"1159",4151
"1160",4152
"1161",4153
"1162",4154
"1163",4159
"1164",4160
"1165",4161
"1166",4162
"1167",4166
"1168",4177
"1169",4178
"1170",4185
"1171",4192
"1172",4200
"1173",4201
"1174",4203
"1175",4206
"1176",4212
"1177",4214
"1178",4216
"1179",4217
"1180",4218
"1181",4219
"1182",4220
"1183",4221
"1184",4222
"1185",4223
"1186",4224
"1187",4225
"1188",4227
"1189",4229
"1190",4230
"1191",4232
"1192",4233
"1193",4240
"1194",4245
"1195",4248
"1196",4249
"1197",4256
"1198",4257
"1199",4261
"1200",4265
"1201",4273
"1202",4274
"1203",4288
"1204",4292
"1205",4305
"1206",4306
"1207",4307
"1208",4308
"1209",4309
"1210",4310
"1211",4311
"1212",4312
"1213",4313
"1214",4314
"1215",4315
"1216",4316
"1217",4317
"1218",4319
"1219",4320
"1220",4321
"1221",4322
"1222",4327
"1223",4328
"1224",4329
"1225",4330
"1226",4331
"1227",4332
"1228",4333
"1229",4334
"1230",4335
"1231",4336
"1232",4337
"1233",4338
"1234",4360
"1235",4361
"1236",4362
"1237",4363
"1238",4364
"1239",4366
"1240",4369
"1241",4375
"1242",4410
"1243",4414
"1244",4417
"1245",4419
"1246",4420
"1247",4421
"1248",4422
"1249",4425
"1250",4529
"1251",4530
"1252",4531
"1253",4585
"1254",4586
"1255",4589
"1256",4592
"1257",4594
"1258",4595
"1259",4596
"1260",4597
"1261",4600
"1262",4601
"1263",4602
"1264",4603
"1265",4604
"1266",4606
"1267",4608
"1268",4609
"1269",4610
"1270",4615
"1271",4618
"1272",4621
"1273",4626
"1274",4627
"1275",4628
"1276",4629
"1277",4630
"1278",4631
"1279",4632
"1280",4633
"1281",4634
"1282",4635
"1283",4636
"1284",4637
"1285",4638
"1286",4639
"1287",4640
"1288",4641
"1289",4642
"1290",4643
"1291",4644
"1292",4645
"1293",4647
"1294",4648
"1295",4649
"1296",4651
"1297",4652
"1298",4655
"1299",4656
"1300",4657
"1301",4658
"1302",4659
"1303",4660
"1304",4664
"1305",4665
"1306",4666
"1307",4667
"1308",4668
"1309",4669
"1310",4670
"1311",4671
"1312",4672
"1313",4679
"1314",4680
"1315",4681
"1316",4682
"1317",4683
"1318",4684
"1319",4685
"1320",4689
"1321",4691
"1322",4692
"1323",4693
"1324",4694
"1325",4695
"1326",4696
"1327",4698
"1328",4699
"1329",4700
"1330",4703
"1331",4704
"1332",4710
"1333",4726
"1334",4727
"1335",4730
"1336",4731
"1337",4766
"1338",4767
"1339",4768
"1340",4772
"1341",4774
"1342",4775
"1343",4776
"1344",4777
"1345",4778
"1346",4785
"1347",4786
"1348",4787
"1349",4788
"1350",4789
"1351",4790
"1352",4791
"1353",4792
"1354",4794
"1355",4795
"1356",4799
"1357",4801
"1358",4803
"1359",4804
"1360",4805
"1361",4806
"1362",4807
"1363",4808
"1364",4810
"1365",4811
"1366",4812
"1367",4819
"1368",4825
"1369",4826
"1370",4828
"1371",4829
"1372",4833
"1373",4836
"1374",4837
"1375",4840
"1376",4846
"1377",4851
"1378",4855
"1379",4870
"1380",4871
"1381",4872
"1382",4873
"1383",4874
"1384",4875
"1385",4876
"1386",4955
"1387",4958
"1388",4961
"1389",4965
"1390",4967
"1391",4968
"1392",4970
"1393",4972
"1394",4973
"1395",4974
"1396",4975
"1397",4982
"1398",4983
"1399",4984
"1400",4985
"1401",4987
"1402",4989
"1403",4996
"1404",4997
"1405",5026
"1406",5027
"1407",5029
"1408",5030
"1409",5031
"1410",5032
"1411",5034
"1412",5036
"1413",5037
"1414",5038
"1415",5039
"1416",5040
"1417",5042
"1418",5047
"1419",5048
"1420",5049
"1421",5056
"1422",5074
"1423",5076
"1424",5078
"1425",5079
"1426",5081
"1427",5083
"1428",5084
"1429",5087
"1430",5100
"1431",5106
"1432",5111
"1433",5112
"1434",5113
"1435",5142
"1436",5143
"1437",5144
"1438",5145
"1439",5146
"1440",5151
"1441",5166
"1442",5216
"1443",5221
"1444",5222
"1445",5223
"1446",5224
"1447",5228
"1448",5229
"1449",5239
"1450",5240
"1451",5263
"1452",5269
"1453",5270
"1454",5272
"1455",5273
"1456",5275
"1457",5325
"1458",5330
"1459",5333
"1460",5336
"1461",5338
"1462",5340
"1463",5360
"1464",5361
"1465",5362
"1466",5363
"1467",5366
"1468",5367
"1469",5368
"1470",5369
"1471",5370
"1472",5371
"1473",5374
"1474",5375
"1475",5376
"1476",5378
"1477",5379
"1478",5380
"1479",5383
"1480",5414
"1481",5437
"1482",5438
"1483",5439
"1484",5440
"1485",5441
"1486",5442
"1487",5443
"1488",5444
"1489",5445
"1490",5446
"1491",5447
"1492",5468
"1493",5469
"1494",5470
"1495",5471
"1496",5472
"1497",5481
"1498",5482
"1499",5483
"1500",5484
"1501",5485
"1502",5487
"1503",5488
"1504",5489
"1505",5491
"1506",5492
"1507",5493
"1508",5494
"1509",5495
"1510",5497
"1511",5498
"1512",5499
"1513",5500
"1514",5501
"1515",5502
"1516",5512
"1517",5513
"1518",5514
"1519",5515
"1520",5517
"1521",5521
"1522",5522
"1523",5523
"1524",5524
"1525",5525
"1526",5526
"1527",5527
"1528",5528
"1529",5529
"1530",5546
"1531",5547
"1532",5548
"1533",5549
"1534",5550
"1535",5551
"1536",5552
"1537",5553
"1538",5554
"1539",5555
"1540",5558
"1541",5559
"1542",5560
"1543",5561
"1544",5562
"1545",5565
"1546",5566
"1547",5567
"1548",5568
"1549",5569
"1550",5570
"1551",5571
"1552",5572
"1553",5575
"1554",5576
"1555",5578
"1556",5580
"1557",5582
"1558",5583
"1559",5584
"1560",5585
"1561",5587
"1562",5588
"1563",5589
"1564",5590
"1565",5591
"1566",5592
"1567",5593
"1568",5594
"1569",5595
"1570",5597
"1571",5598
"1572",5599
"1573",5600
"1574",5601
"1575",5602
"1576",5603
"1577",5604
"1578",5605
"1579",5608
"1580",5609
"1581",5610
"1582",5611
"1583",5613
"1584",5614
"1585",5615
"1586",5617
"1587",5618
"1588",5619
"1589",5620
"1590",5621
"1591",5622
"1592",5623
"1593",5624
"1594",5625
"1595",5626
"1596",5627
"1597",5628
"1598",5629
"1599",5630
"1600",5631
"1601",5632
"1602",5633
"1603",5634
"1604",5635
"1605",5636
"1606",5637
"1607",5638
"1608",5639
"1609",5640
"1610",5659
"1611",5660
"1612",5661
"1613",5663
"1614",5667
"1615",5668
"1616",5670
"1617",5671
"1618",5672
"1619",5674
"1620",5675
"1621",5679
"1622",5704
"1623",5705
"1624",5706
"1625",5709
"1626",5710
"1627",5711
"1628",5713
"1629",5748
"1630",5749
"1631",5750
"1632",5751
"1633",5752
"1634",5753
"1635",5754
"1636",5755
"1637",5756
"1638",5757
"1639",5760
"1640",5761
"1641",5763
"1642",5764
"1643",5765
"1644",5766
"1645",5786
"1646",5792
"1647",5793
"1648",5794
"1649",5795
"1650",5796
"1651",5797
"1652",5798
"1653",5799
"1654",5800
"1655",5801
"1656",5802
"1657",5803
"1658",5804
"1659",5806
"1660",5807
"1661",5808
"1662",5809
"1663",5810
"1664",5811
"1665",5812
"1666",5813
"1667",5814
"1668",5815
"1669",5817
"1670",5818
"1671",5819
"1672",5820
"1673",5821
"1674",5822
"1675",5823
"1676",5824
"1677",5825
"1678",5826
"1679",5827
"1680",5828
"1681",5829
"1682",5830
"1683",5831
"1684",5832
"1685",5835
"1686",5836
"1687",5837
"1688",5838
"1689",5839
"1690",5861
"1691",5862
"1692",5933
"1693",5935
"1694",5952
"1695",5953
"1696",5956
"1697",5957
"1698",5958
"1699",5959
"1700",5960
"1701",5961
"1702",5962
"1703",5963
"1704",5964
"1705",5965
"1706",5966
"1707",5967
"1708",5968
"1709",5969
"1710",5970
"1711",5990
"1712",6004
"1713",6005
"1714",6006
"1715",6009
"1716",6010
"1717",6011
"1718",6012
"1719",6013
"1720",6018
"1721",6019
"1722",6020
"1723",6024
"1724",6025
"1725",6026
"1726",6027
"1727",6030
"1728",6031
"1729",6032
"1730",6033
"1731",6035
"1732",6059
"1733",6061
"1734",6062
"1735",6063
"1736",6064
"1737",6065
"1738",6066
"1739",6067
"1740",6069
"1741",6081
"1742",6082
"1743",6083
"1744",6084
"1745",6088
"1746",6089
"1747",6090
"1748",6091
"1749",6103
"1750",6104
"1751",6105
"1752",6106
"1753",6107
"1754",6133
"1755",6134
"1756",6135
"1757",6136
"1758",6137
"1759",6138
"1760",6139
"1761",6141
"1762",6144
"1763",6145
"1764",6146
"1765",6147
"1766",6148
"1767",6149
"1768",6150
"1769",6153
"1770",6154
"1771",6155
"1772",6156
"1773",6158
"1774",6159
"1775",6160
"1776",6162
"1777",6163
"1778",6164
"1779",6167
"1780",6168
"1781",6169
"1782",6170
"1783",6178
"1784",6179
"1785",6180
"1786",6182
"1787",6184
"1788",6189
"1789",6204
"1790",6205
"1791",6206
"1792",6219
"1793",6220
"1794",6221
"1795",6222
"1796",6223
"1797",6224
"1798",6225
"1799",6226
"1800",6228
"1801",6229
"1802",6230
"1803",6232
"1804",6234
"1805",6235
"1806",6244
"1807",6245
"1808",6247
"1809",6251
"1810",6252
"1811",6254
"1812",6255
"1813",6256
"1814",6265
"1815",6266
"1816",6267
"1817",6268
"1818",6269
"1819",6270
"1820",6271
"1821",6272
"1822",6278
"1823",6279
"1824",6281
"1825",6282
"1826",6285
"1827",6286
"1828",6287
"1829",6288
"1830",6289
"1831",6290
"1832",6291
"1833",6292
"1834",6293
"1835",6294
"1836",6295
"1837",6296
"1838",6299
"1839",6300
"1840",6301
"1841",6302
"1842",6304
"1843",6305
"1844",6306
"1845",6308
"1846",6313
"1847",6315
"1848",6316
"1849",6317
"1850",6329
"1851",6330
"1852",6331
"1853",6333
"1854",6335
"1855",6336
"1856",6337
"1857",6338
"1858",6405
"1859",6409
"1860",6410
"1861",6426
"1862",6427
"1863",6429
"1864",6431
"1865",6432
"1866",6433
"1867",6434
"1868",6435
"1869",6436
"1870",6437
"1871",6439
"1872",6440
"1873",6441
"1874",6442
"1875",6443
"1876",6444
"1877",6445
"1878",6446
"1879",6447
"1880",6448
"1881",6449
"1882",6483
"1883",6486
"1884",6488
"1885",6490
"1886",6491
"1887",6493
"1888",6494
"1889",6495
"1890",6496
"1891",6497
"1892",6500
"1893",6502
"1894",6503
"1895",6506
"1896",6508
"1897",6509
"1898",6510
"1899",6511
"1900",6520
"1901",6523
"1902",6553
"1903",6557
"1904",6561
"1905",6562
"1906",6563
"1907",6564
"1908",6567
"1909",6568
"1910",6569
"1911",6607
"1912",6608
"1913",6622
"1914",6623
"1915",6624
"1916",6626
"1917",6628
"1918",6635
"1919",6638
"1920",6650
"1921",6651
"1922",6652
"1923",6654
"1924",6655
"1925",6656
"1926",6657
"1927",6658
"1928",6659
"1929",6662
"1930",6663
"1931",6664
"1932",6665
"1933",6666
"1934",6667
"1935",6671
"1936",6673
"1937",6675
"1938",6676
"1939",6678
"1940",6682
"1941",6683
"1942",6684
"1943",6685
"1944",6686
"1945",6690
"1946",6691
"1947",6693
"1948",6705
"1949",6710
"1950",6711
"1951",6713
"1952",6714
"1953",6715
"1954",6718
"1955",6720
"1956",6721
"1957",6722
"1958",6723
"1959",6724
"1960",6725
"1961",6726
"1962",6727
"1963",6728
"1964",6729
"1965",6730
"1966",6731
"1967",6732
"1968",6735
"1969",6736
"1970",6737
"1971",6738
"1972",6739
"1973",6763
"1974",6764
"1975",6765
"1976",6767
"1977",6768
"1978",6770
"1979",6771
"1980",6772
"1981",6773
"1982",6774
"1983",6775
"1984",6776
"1985",6777
"1986",6778
"1987",6780
"1988",6785
"1989",6786
"1990",6790
"1991",6793
"1992",6794
"1993",6795
"1994",6799
"1995",6800
"1996",6801
"1997",6802
"1998",6808
"1999",6820
"2000",6821
"2001",6822
"2002",6823
"2003",6824
"2004",6828
"2005",6829
"2006",6834
"2007",6843
"2008",6844
"2009",6852
"2010",6858
"2011",6859
"2012",6860
"2013",6862
"2014",6863
"2015",6909
"2016",6918
"2017",6919
"2018",6923
"2019",6924
"2020",6925
"2021",6926
"2022",6927
"2023",6928
"2024",6929
"2025",6931
"2026",6937
"2027",6970
"2028",6973
"2029",6975
"2030",6977
"2031",6978
"2032",6979
"2033",6980
"2034",6981
"2035",6982
"2036",6983
"2037",6984
"2038",6985
"2039",6987
"2040",6989
"2041",6990
"2042",7010
"2043",7011
"2044",7012
"2045",7013
"2046",7014
"2047",7015
"2048",7017
"2049",7018
"2050",7019
"2051",7021
"2052",7022
"2053",7028
"2054",7029
"2055",7030
"2056",7035
"2057",7036
"2058",7037
"2059",7040
"2060",7083
"2061",7084
"2062",7091
"2063",7112
"2064",7120
"2065",7121
"2066",7122
"2067",7123
"2068",7124
"2069",7128
"2070",7129
"2071",7134
"2072",7135
"2073",7136
"2074",7137
"2075",7138
"2076",7140
"2077",7142
"2078",7143
"2079",7144
"2080",7145
"2081",7146
"2082",7147
"2083",7148
"2084",7149
"2085",7150
"2086",7577
"2087",7578
"2088",7579
"2089",7581
"2090",7582
"2091",7583
"2092",7584
"2093",7585
"2094",7587
"2095",7588
"2096",7589
"2097",7590
"2098",7591
"2099",7592
"2100",7593
"2101",7594
"2102",7595
"2103",7596
"2104",7597
"2105",7598
"2106",7600
"2107",7602
"2108",7603
"2109",7604
"2110",7605
"2111",7606
"2112",7607
"2113",7608
"2114",7609
"2115",7610
"2116",7611
"2117",7612
"2118",7617
"2119",7618
"2120",7619
"2121",7621
"2122",7622
"2123",7623
"2124",7624
"2125",7625
"2126",7626
"2127",7631
"2128",7633
"2129",7634
"2130",7635
"2131",7636
"2132",7638
"2133",7639
"2134",7640
"2135",7643
"2136",7644
"2137",7645
"2138",7646
"2139",7647
"2140",7648
"2141",7649
"2142",7650
"2143",7651
"2144",7652
"2145",7653
"2146",7654
"2147",7655
"2148",7656
"2149",7657
"2150",7658
"2151",7667
"2152",7668
"2153",7669
"2154",7670
"2155",7671
"2156",7672
"2157",7673
"2158",7674
"2159",7705
"2160",7709
"2161",7717
"2162",7720
"2163",7735
"2164",7736
"2165",7737
"2166",7738
"2167",7739
"2168",7740
"2169",7741
"2170",7742
"2171",7743
"2172",7744
"2173",7745
"2174",7746
"2175",7747
"2176",7749
"2177",7750
"2178",7777
"2179",7778
"2180",7781
"2181",7782
"2182",7783
"2183",7786
"2184",7787
"2185",7797
"2186",7798
"2187",7799
"2188",7800
"2189",7801
"2190",7802
"2191",7803
"2192",7804
"2193",7805
"2194",7806
"2195",7807
"2196",7815
"2197",7821
"2198",7823
"2199",7826
"2200",7832
"2201",7833
"2202",7834
"2203",7835
"2204",7836
"2205",7844
"2206",7854
"2207",7855
"2208",7858
"2209",7859
"2210",7860
"2211",7861
"2212",7862
"2213",7863
"2214",7864
"2215",7865
"2216",7866
"2217",7868
"2218",7872
"2219",7874
"2220",7876
"2221",7877
"2222",7878
"2223",7879
"2224",7880
"2225",7881
"2226",7889
"2227",7890
"2228",7892
"2229",7895
"2230",7896
"2231",7899
"2232",7901
"2233",7902
"2234",7903
"2235",7905
"2236",7906
"2237",7907
"2238",7908
"2239",7909
"2240",7910
"2241",7911
"2242",7912
"2243",7913
"2244",7914
"2245",7915
"2246",7916
"2247",7919
"2248",7920
"2249",7921
"2250",7922
"2251",7923
"2252",7924
"2253",7926
"2254",7927
"2255",7928
"2256",7929
"2257",7931
"2258",7932
"2259",7935
"2260",7936
"2261",7937
"2262",7938
"2263",7939
"2264",7944
"2265",7945
"2266",7949
"2267",7950
"2268",7951
"2269",7953
"2270",7960
"2271",7980
"2272",7983
"2273",7984
"2274",7987
"2275",7988
"2276",7989
"2277",7993
"2278",7994
"2279",7995
"2280",7999
"2281",8000
"2282",8001
"2283",8004
"2284",8005
"2285",8010
"2286",8014
"2287",8015
"2288",8029
"2289",8032
"2290",8033
"2291",8034
"2292",8070
"2293",8073
"2294",8097
"2295",8107
"2296",8108
"2297",8109
"2298",8110
"2299",8111
"2300",8112
"2301",8113
"2302",8114
"2303",8115
"2304",8116
"2305",8117
"2306",8118
"2307",8119
"2308",8120
"2309",8121
"2310",8122
"2311",8123
"2312",8124
"2313",8125
"2314",8126
"2315",8127
"2316",8128
"2317",8130
"2318",8131
"2319",8132
"2320",8133
"2321",8134
"2322",8135
"2323",8136
"2324",8137
"2325",8138
"2326",8139
"2327",8140
"2328",8141
"2329",8142
"2330",8143
"2331",8144
"2332",8145
"2333",8146
"2334",8147
"2335",8148
"2336",8149
"2337",8150
"2338",8151
"2339",8152
"2340",8153
"2341",8162
"2342",8164
"2343",8165
"2344",8166
"2345",8168
"2346",8172
"2347",8173
"2348",8174
"2349",8187
"2350",8199
"2351",8202
"2352",8203
"2353",8204
"2354",8205
"2355",8206
"2356",8207
"2357",8209
"2358",8210
"2359",8211
"2360",8212
"2361",8217
"2362",8239
"2363",8241
"2364",8243
"2365",8245
"2366",8246
"2367",8247
"2368",8248
"2369",8249
"2370",8256
"2371",8257
"2372",8258
"2373",8262
"2374",8265
"2375",8266
"2376",8269
"2377",8306
"2378",8328
"2379",8329
"2380",8330
"2381",8331
"2382",8332
"2383",8333
"2384",8334
"2385",8335
"2386",8336
"2387",8337
"2388",8338
"2389",8339
"2390",8340
"2391",8341
"2392",8342
"2393",8343
"2394",8344
"2395",8345
"2396",8371
"2397",8373
"2398",8375
"2399",8376
"2400",8385
"2401",8386
"2402",8391
"2403",8393
"2404",8407
"2405",8408
"2406",8410
"2407",8415
"2408",8417
"2409",8418
"2410",8423
"2411",8431
"2412",8432
"2413",8433
"2414",8436
"2415",8437
"2416",8438
"2417",8441
"2418",8488
"2419",8489
"2420",8490
"2421",8491
"2422",8492
"2423",8493
"2424",8494
"2425",8495
"2426",8496
"2427",8539
"2428",8540
"2429",8541
"2430",8542
"2431",8548
"2432",8550
"2433",8551
"2434",8553
"2435",8554
"2436",8555
"2437",8556
"2438",8574
"2439",8576
"2440",8623
"2441",8627
"2442",8628
"2443",8629
"2444",8630
"2445",8631
"2446",8632
"2447",8633
"2448",8641
"2449",8642
"2450",8643
"2451",8644
"2452",8645
"2453",8647
"2454",8668
"2455",8700
"2456",8701
"2457",8702
"2458",8703
"2459",8704
"2460",8706
"2461",8707
"2462",8708
"2463",8709
"2464",8755
"2465",8756
"2466",8757
"2467",8758
"2468",8759
"2469",8760
"2470",8761
"2471",8762
"2472",8763
"2473",8764
"2474",8765
"2475",8766
"2476",8767
"2477",8771
"2478",8773
"2479",8775
"2480",8777
"2481",8778
"2482",8779
"2483",8780
"2484",8781
"2485",8782
"2486",8783
"2487",8784
"2488",8785
"2489",8786
"2490",8787
"2491",8788
"2492",8789
"2493",8790
"2494",8805
"2495",8806
"2496",8807
"2497",8808
"2498",8809
"2499",8810
"2500",8811
"2501",8812
"2502",8813
"2503",8814
"2504",8816
"2505",8817
"2506",8818
"2507",8819
"2508",8820
"2509",8823
"2510",8825
"2511",8826
"2512",8827
"2513",8833
"2514",8834
"2515",8881
"2516",8887
"2517",8888
"2518",8889
"2519",8890
"2520",8891
"2521",8892
"2522",8893
"2523",8894
"2524",8895
"2525",8896
"2526",8898
"2527",8901
"2528",8902
"2529",8904
"2530",8905
"2531",8916
"2532",8917
"2533",8918
"2534",8919
"2535",8951
"2536",8952
"2537",8953
"2538",8954
"2539",8957
"2540",8966
"2541",8967
"2542",8968
"2543",8969
"2544",8971
"2545",8972
"2546",8973
"2547",8974
"2548",8975
"2549",8976
"2550",8977
"2551",8978
"2552",8980
"2553",8982
"2554",8987
"2555",8989
"2556",8991
"2557",8992
"2558",8993
"2559",8994
"2560",8997
"2561",8998
"2562",9000
"2563",9001
"2564",9002
"2565",9003
"2566",9004
"2567",9007
"2568",9010
"2569",9013
"2570",9014
"2571",9016
"2572",9017
"2573",9018
"2574",9019
"2575",9020
"2576",9021
"2577",9022
"2578",9023
"2579",9024
"2580",9025
"2581",9026
"2582",9027
"2583",9028
"2584",9029
"2585",9031
"2586",9032
"2587",9038
"2588",9042
"2589",9048
"2590",9049
"2591",9051
"2592",9052
"2593",9053
"2594",9054
"2595",9055
"2596",9056
"2597",9062
"2598",9066
"2599",9072
"2600",9073
"2601",9074
"2602",9075
"2603",9076
"2604",9077
"2605",9089
"2606",9092
"2607",9093
"2608",9094
"2609",9095
"2610",9096
"2611",9097
"2612",9099
"2613",9100
"2614",9101
"2615",9102
"2616",9104
"2617",9105
"2618",9106
"2619",9109
"2620",9110
"2621",9111
"2622",9113
"2623",9114
"2624",9116
"2625",9119
"2626",9120
"2627",9121
"2628",9123
"2629",9124
"2630",9125
"2631",9126
"2632",9127
"2633",9128
"2634",9129
"2635",9130
"2636",9131
"2637",9132
"2638",9133
"2639",9134
"2640",9135
"2641",9136
"2642",9137
"2643",9138
"2644",9140
"2645",9141
"2646",9142
"2647",9143
"2648",9144
"2649",9145
"2650",9149
"2651",9150
"2652",9151
"2653",9153
"2654",9155
"2655",9160
"2656",9179
"2657",9180
"2658",9182
"2659",9183
"2660",9184
"2661",9185
"2662",9186
"2663",9187
"2664",9188
"2665",9189
"2666",9190
"2667",9194
"2668",9195
"2669",9196
"2670",9197
"2671",9198
"2672",9201
"2673",9240
"2674",9244
"2675",9245
"2676",9246
"2677",9247
"2678",9248
"2679",9249
"2680",9250
"2681",9251
"2682",9253
"2683",9254
"2684",9255
"2685",9266
"2686",9267
"2687",9268
"2688",9269
"2689",9270
"2690",9271
"2691",9272
"2692",9273
"2693",9274
"2694",9275
"2695",9276
"2696",9277
"2697",9281
"2698",9283
"2699",9285
"2700",9286
"2701",9287
"2702",9288
"2703",9289
"2704",9290
"2705",9291
"2706",9294
"2707",9295
"2708",9297
"2709",9298
"2710",9299
"2711",9303
"2712",9308
"2713",9311
"2714",9312
"2715",9313
"2716",9329
"2717",9370
"2718",9385
"2719",9386
"2720",9387
"2721",9388
"2722",9389
"2723",9390
"2724",9391
"2725",9392
"2726",9397
"2727",9399
"2728",9400
"2729",9401
"2730",9402
"2731",9403
"2732",9404
"2733",9416
"2734",9417
"2735",9418
"2736",9419
"2737",9420
"2738",9421
"2739",9422
"2740",9427
"2741",9450
"2742",9451
"2743",9452
"2744",9453
"2745",9454
"2746",9455
"2747",9456
"2748",9457
"2749",9458
"2750",9459
"2751",9460
"2752",9461
"2753",9464
"2754",9465
"2755",9466
"2756",9467
"2757",9471
"2758",9472
"2759",9473
"2760",9474
"2761",9475
"2762",9476
"2763",9477
"2764",9478
"2765",9479
"2766",9480
"2767",9481
"2768",9483
"2769",9484
"2770",9485
"2771",9486
"2772",9487
"2773",9488
"2774",9491
"2775",9492
"2776",9493
"2777",9494
"2778",9496
"2779",9497
"2780",9498
"2781",9499
"2782",9500
"2783",9502
"2784",9503
"2785",9507
"2786",9509
"2787",9510
"2788",9511
"2789",9529
"2790",9532
"2791",9533
"2792",9534
"2793",9535
"2794",9554
"2795",9560
"2796",9561
"2797",9563
"2798",9564
"2799",9565
"2800",9566
"2801",9567
"2802",9568
"2803",9579
"2804",9581
"2805",9593
"2806",9594
"2807",9597
"2808",9598
"2809",9599
"2810",9600
"2811",9601
"2812",9602
"2813",9608
"2814",9609
"2815",9610
"2816",9611
"2817",9613
"2818",9614
"2819",9618
"2820",9621
"2821",9630
"2822",9631
"2823",9632
"2824",9660
"2825",9670
"2826",9672
"2827",9673
"2828",9674
"2829",9676
"2830",9678
"2831",9679
"2832",9680
"2833",9687
"2834",9688
"2835",9690
"2836",9696
"2837",9697
"2838",9698
"2839",9699
"2840",9700
"2841",9701
"2842",9714
"2843",9717
"2844",9718
"2845",9719
"2846",9721
"2847",9725
"2848",9726
"2849",9727
"2850",9736
"2851",9740
"2852",9743
"2853",9744
"2854",9746
"2855",9747
"2856",9748
"2857",9759
"2858",9760
"2859",9763
"2860",9764
"2861",9765
"2862",9766
"2863",9767
"2864",9768
"2865",9769
"2866",9770
"2867",9771
"2868",9772
"2869",9773
"2870",9786
"2871",9787
"2872",9788
"2873",9789
"2874",9792
"2875",9793
"2876",9794
"2877",9795
"2878",9796
"2879",9797
"2880",9798
"2881",9799
"2882",9801
"2883",9802
"2884",9804
"2885",9808
"2886",9809
"2887",9828
"2888",9830
"2889",9831
"2890",9832
"2891",9833
"2892",9834
"2893",9835
"2894",9843
"2895",9844
"2896",9845
"2897",9847
"2898",9852
"2899",9853
"2900",9859
"2901",9860
"2902",9864
"2903",9865
"2904",9869
"2905",9871
"2906",9872
"2907",9875
"2908",9876
"2909",9877
"2910",9878
"2911",9879
"2912",9880
"2913",9881
"2914",9882
"2915",9889
"2916",9891
"2917",9892
"2918",9893
"2919",9894
"2920",9907
"2921",9908
"2922",9909
"2923",9910
"2924",9911
"2925",9912
"2926",9913
"2927",9917
"2928",9918
"2929",9919
"2930",9920
"2931",9942
"2932",9943
"2933",9944
"2934",9945
"2935",9947
"2936",9948
"2937",9968
"2938",9975
"2939",9976
"2940",9977
"2941",9978
"2942",9979
"2943",9980
"2944",9981
"2945",9982
"2946",9987
"2947",9993
"2948",9994
"2949",9997
"2950",10004
"2951",10005
"2952",10007
"2953",10009
"2954",10010
"2955",10016
"2956",10017
"2957",10018
"2958",10019
"2959",10020
"2960",10021
"2961",10025
"2962",10030
"2963",10032
"2964",10034
"2965",10041
"2966",10049
"2967",10050
"2968",10051
"2969",10052
"2970",10053
"2971",10054
"2972",10056
"2973",10057
"2974",10063
"2975",10064
"2976",10065
"2977",10066
"2978",10069
"2979",10070
"2980",10072
"2981",10074
"2982",10075
"2983",10082
"2984",10083
"2985",10087
"2986",10088
"2987",10089
"2988",10097
"2989",10103
"2990",10105
"2991",10106
"2992",10107
"2993",10108
"2994",10109
"2995",10110
"2996",10111
"2997",10112
"2998",10113
"2999",10114
"3000",10115
"3001",10116
"3002",10117
"3003",10118
"3004",10119
"3005",10120
"3006",10121
"3007",10122
"3008",10123
"3009",10125
"3010",10126
"3011",10127
"3012",10128
"3013",10129
"3014",10130
"3015",10131
"3016",10132
"3017",10133
"3018",10134
"3019",10135
"3020",10136
"3021",10137
"3022",10138
"3023",10139
"3024",10140
"3025",10141
"3026",10142
"3027",10143
"3028",10144
"3029",10145
"3030",10146
"3031",10147
"3032",10148
"3033",10149
"3034",10150
"3035",10151
"3036",10152
"3037",10153
"3038",10154
"3039",10155
"3040",10156
"3041",10157
"3042",10160
"3043",10161
"3044",10162
"3045",10163
"3046",10164
"3047",10165
"3048",10166
"3049",10167
"3050",10168
"3051",10170
"3052",10171
"3053",10172
"3054",10173
"3055",10174
"3056",10175
"3057",10176
"3058",10177
"3059",10178
"3060",10179
"3061",10180
"3062",10181
"3063",10182
"3064",10183
"3065",10186
"3066",10188
"3067",10189
"3068",10190
"3069",10200
"3070",10201
"3071",10202
"3072",10203
"3073",10205
"3074",10206
"3075",10207
"3076",10208
"3077",10209
"3078",10210
"3079",10211
"3080",10215
"3081",10217
"3082",10218
"3083",10219
"3084",10220
"3085",10235
"3086",10238
"3087",10241
"3088",10242
"3089",10244
"3090",10246
"3091",10249
"3092",10250
"3093",10251
"3094",10252
"3095",10253
"3096",10254
"3097",10259
"3098",10260
"3099",10261
"3100",10263
"3101",10264
"3102",10267
"3103",10268
"3104",10269
"3105",10274
"3106",10276
"3107",10277
"3108",10278
"3109",10279
"3110",10280
"3111",10281
"3112",10282
"3113",10283
"3114",10300
"3115",10303
"3116",10304
"3117",10305
"3118",10310
"3119",10311
"3120",10312
"3121",10313
"3122",10314
"3123",10329
"3124",10332
"3125",10335
"3126",10338
"3127",10339
"3128",10340
"3129",10341
"3130",10345
"3131",10350
"3132",10351
"3133",10355
"3134",10542
"3135",10543
"3136",10547
"3137",10548
"3138",10550
"3139",10552
"3140",10566
"3141",10588
"3142",10589
"3143",10590
"3144",10591
"3145",10592
"3146",10593
"3147",10594
"3148",10595
"3149",10598
"3150",10600
"3151",10602
"3152",10604
"3153",10605
"3154",10606
"3155",10607
"3156",10608
"3157",10613
"3158",10614
"3159",10615
"3160",10616
"3161",10617
"3162",10618
"3163",10632
"3164",10633
"3165",10635
"3166",10636
"3167",10637
"3168",10639
"3169",10640
"3170",10641
"3171",10642
"3172",10643
"3173",10644
"3174",10707
"3175",10708
"3176",10712
"3177",10713
"3178",10714
"3179",10722
"3180",10724
"3181",10730
"3182",10731
"3183",10732
"3184",10733
"3185",10734
"3186",10743
"3187",10746
"3188",10748
"3189",10749
"3190",10750
"3191",10751
"3192",10752
"3193",10753
"3194",10754
"3195",10755
"3196",10761
"3197",10762
"3198",10763
"3199",10764
"3200",10767
"3201",10768
"3202",10769
"3203",10770
"3204",10781
"3205",10782
"3206",10783
"3207",10784
"3208",10785
"3209",10786
"3210",10787
"3211",10789
"3212",10790
"3213",10791
"3214",10794
"3215",10796
"3216",10798
"3217",10799
"3218",10800
"3219",10803
"3220",10809
"3221",10820
"3222",10823
"3223",10824
"3224",10825
"3225",10826
"3226",10831
"3227",10832
"3228",10833
"3229",10834
"3230",10835
"3231",10836
"3232",10838
"3233",10842
"3234",10843
"3235",10845
"3236",10846
"3237",10847
"3238",10849
"3239",10851
"3240",10858
"3241",10859
"3242",10860
"3243",10861
"3244",10863
"3245",10871
"3246",10874
"3247",10879
"3248",10886
"3249",10887
"3250",10893
"3251",10908
"3252",10909
"3253",10911
"3254",10912
"3255",10913
"3256",10918
"3257",10919
"3258",10920
"3259",10921
"3260",10922
"3261",10923
"3262",10924
"3263",10925
"3264",10926
"3265",10927
"3266",10928
"3267",10929
"3268",10939
"3269",10940
"3270",10941
"3271",10942
"3272",10946
"3273",10949
"3274",10950
"3275",10952
"3276",10953
"3277",10954
"3278",10957
"3279",10960
"3280",10962
"3281",10966
"3282",10968
"3283",10969
"3284",10970
"3285",10971
"3286",10972
"3287",10973
"3288",10974
"3289",10975
"3290",10976
"3291",10977
"3292",10978
"3293",10979
"3294",10980
"3295",10981
"3296",10982
"3297",10983
"3298",10984
"3299",10985
"3300",10986
"3301",10987
"3302",10988
"3303",10993
"3304",10994
"3305",10995
"3306",10996
"3307",10997
"3308",10998
"3309",11003
"3310",11004
"3311",11005
"3312",11006
"3313",11008
"3314",11009
"3315",11011
"3316",11021
"3317",11026
"3318",11027
"3319",11029
"3320",11030
"3321",11031
"3322",11032
"3323",11033
"3324",11034
"3325",11035
"3326",11036
"3327",11037
"3328",11047
"3329",11048
"3330",11049
"3331",11050
"3332",11051
"3333",11052
"3334",11053
"3335",11054
"3336",11055
"3337",11057
"3338",11058
"3339",11059
"3340",11060
"3341",11061
"3342",11062
"3343",11067
"3344",11070
"3345",11071
"3346",11073
"3347",11074
"3348",11075
"3349",11076
"3350",11077
"3351",11113
"3352",11117
"3353",11120
"3354",11130
"3355",11131
"3356",11132
"3357",11133
"3358",11134
"3359",11135
"3360",11136
"3361",11137
"3362",11138
"3363",11140
"3364",11141
"3365",11142
"3366",11144
"3367",11145
"3368",11148
"3369",11149
"3370",11160
"3371",11161
"3372",11162
"3373",11163
"3374",11170
"3375",11171
"3376",11175
"3377",11179
"3378",11186
"3379",11192
"3380",11193
"3381",11194
"3382",11195
"3383",11196
"3384",11197
"3385",11198
"3386",11200
"3387",11201
"3388",11202
"3389",11203
"3390",11205
"3391",11206
"3392",11207
"3393",11208
"3394",11209
"3395",11213
"3396",11220
"3397",11221
"3398",11222
"3399",11223
"3400",11224
"3401",11227
"3402",11228
"3403",11229
"3404",11235
"3405",11237
"3406",11241
"3407",11242
"3408",11244
"3409",11245
"3410",11249
"3411",11250
"3412",11251
"3413",11253
"3414",11254
"3415",11255
"3416",11256
"3417",11257
"3418",11258
"3419",11259
"3420",11263
"3421",11280
"3422",11281
"3423",11283
"3424",11284
"3425",11285
"3426",11286
"3427",11287
"3428",11288
"3429",11290
"3430",11291
"3431",11302
"3432",11304
"3433",11305
"3434",11306
"3435",11307
"3436",11339
"3437",11340
"3438",11341
"3439",11342
"3440",11343
"3441",11345
"3442",11347
"3443",11348
"3444",11349
"3445",11350
"3446",11351
"3447",11352
"3448",11353
"3449",11357
"3450",11359
"3451",11360
"3452",11361
"3453",11369
"3454",11374
"3455",11375
"3456",11377
"3457",11378
"3458",11379
"3459",11380
"3460",11381
"3461",11384
"3462",11385
"3463",11387
"3464",11388
"3465",11389
"3466",11409
"3467",11410
"3468",11450
"3469",11451
"3470",11452
"3471",11453
"3472",11454
"3473",11455
"3474",11457
"3475",11458
"3476",11459
"3477",11460
"3478",11461
"3479",11462
"3480",11463
"3481",11464
"3482",11465
"3483",11466
"3484",11468
"3485",11469
"3486",11470
"3487",11471
"3488",11472
"3489",11473
"3490",11475
"3491",11479
"3492",11480
"3493",11481
"3494",11482
"3495",11484
"3496",11485
"3497",11486
"3498",11487
"3499",11488
"3500",11489
"3501",11491
"3502",11492
"3503",11493
"3504",11494
"3505",11495
"3506",11496
"3507",11498
"3508",11499
"3509",11500
"3510",11501
"3511",11503
"3512",11505
"3513",11506
"3514",11509
"3515",11511
"3516",11518
"3517",11519
"3518",11520
"3519",11521
"3520",11522
"3521",11532
"3522",11533
"3523",11534
"3524",11536
"3525",11537
"3526",11538
"3527",11539
"3528",11541
"3529",11542
"3530",11543
"3531",11544
"3532",11545
"3533",11546
"3534",11547
"3535",11548
"3536",11549
"3537",11550
"3538",11551
"3539",11552
"3540",11553
"3541",11554
"3542",11555
"3543",11559
"3544",11575
"3545",11576
"3546",11577
"3547",11579
"3548",11616
"3549",11617
"3550",11618
"3551",11619
"3552",11620
"3553",11621
"3554",11622
"3555",11633
"3556",11634
"3557",11635
"3558",11638
"3559",11653
"3560",11655
"3561",11656
"3562",11657
"3563",11661
"3564",11663
"3565",11685
"3566",11686
"3567",11689
"3568",11690
"3569",11691
"3570",11692
"3571",11693
"3572",11696
"3573",11697
"3574",11699
"3575",11700
"3576",11726
"3577",11768
"3578",11769
"3579",11771
"3580",11772
"3581",11773
"3582",11774
"3583",11775
"3584",11776
"3585",11777
"3586",11778
"3587",11780
"3588",11781
"3589",11782
"3590",11783
"3591",11784
"3592",11785
"3593",11786
"3594",11787
"3595",11788
"3596",11790
"3597",11791
"3598",11792
"3599",11793
"3600",11794
"3601",11795
"3602",11796
"3603",11797
"3604",11803
"3605",11804
"3606",11805
"3607",11856
"3608",11871
"3609",11872
"3610",11873
"3611",11875
"3612",11884
"3613",11887
"3614",11895
"3615",11896
"3616",11911
"3617",11912
"3618",11919
"3619",11922
"3620",11924
"3621",11925
"3622",11928
"3623",11929
"3624",11930
"3625",11931
"3626",11932
"3627",11933
"3628",11934
"3629",11967
"3630",11968
"3631",11975
"3632",11979
"3633",11980
"3634",11982
"3635",11987
"3636",11990
"3637",11995
"3638",11996
"3639",11998
"3640",12000
"3641",12001
"3642",12002
"3643",12003
"3644",12004
"3645",12005
"3646",12006
"3647",12007
"3648",12008
"3649",12009
"3650",12010
"3651",12011
"3652",12073
"3653",12074
"3654",12075
"3655",12076
"3656",12077
"3657",12078
"3658",12079
"3659",12080
"3660",12081
"3661",12101
"3662",12112
"3663",12119
"3664",12120
"3665",12121
"3666",12125
"3667",12126
"3668",12127
"3669",12128
"3670",12129
"3671",12130
"3672",12131
"3673",12132
"3674",12133
"3675",12134
"3676",12137
"3677",12142
"3678",12143
"3679",12144
"3680",12145
"3681",12146
"3682",12147
"3683",12148
"3684",12149
"3685",12150
"3686",12151
"3687",12152
"3688",12153
"3689",12154
"3690",12155
"3691",12156
"3692",12241
"3693",12244
"3694",12245
"3695",12246
"3696",12263
"3697",12264
"3698",12265
"3699",12266
"3700",12267
"3701",12268
"3702",12269
"3703",12270
"3704",12271
"3705",12272
"3706",12273
"3707",12274
"3708",12302
"3709",12303
"3710",12304
"3711",12305
"3712",12308
"3713",12309
"3714",12310
"3715",12350
"3716",12351
"3717",12352
"3718",12354
"3719",12355
"3720",12356
"3721",12357
"3722",12361
"3723",12375
"3724",12382
"3725",12383
"3726",12392
"3727",12395
"3728",12398
"3729",12399
"3730",12406
"3731",12416
"3732",12417
"3733",12418
"3734",12419
"3735",12420
"3736",12421
"3737",12427
"3738",12433
"3739",12435
"3740",12436
"3741",12439
"3742",12471
"3743",12472
"3744",12518
"3745",12519
"3746",12520
"3747",12521
"3748",12525
"3749",12526
"3750",12541
"3751",12548
"3752",12549
"3753",12550
"3754",12551
"3755",12552
"3756",12553
"3757",12554
"3758",12555
"3759",12556
"3760",12557
"3761",12558
"3762",12559
"3763",12560
"3764",12561
"3765",12562
"3766",12563
"3767",12568
"3768",12570
"3769",12573
"3770",12574
"3771",12576
"3772",12582
"3773",12583
"3774",12584
"3775",12586
"3776",12587
"3777",12589
"3778",12590
"3779",12591
"3780",12592
"3781",12594
"3782",12595
"3783",12596
"3784",12597
"3785",12598
"3786",12601
"3787",12602
"3788",12609
"3789",12615
"3790",12616
"3791",12620
"3792",12625
"3793",12626
"3794",12627
"3795",12646
"3796",12647
"3797",12650
"3798",12651
"3799",12652
"3800",12653
"3801",12654
"3802",12655
"3803",12656
"3804",12659
"3805",12660
"3806",12662
"3807",12664
"3808",12667
"3809",12668
"3810",12669
"3811",12670
"3812",12690
"3813",12691
"3814",12692
"3815",12696
"3816",12700
"3817",12702
"3818",12703
"3819",12704
"3820",12712
"3821",12721
"3822",12722
"3823",12723
"3824",12724
"3825",12726
"3826",12740
"3827",12741
"3828",12742
"3829",12743
"3830",12744
"3831",12745
"3832",12746
"3833",12747
"3834",12748
"3835",12749
"3836",12750
"3837",12751
"3838",12753
"3839",12754
"3840",12761
"3841",12762
"3842",12763
"3843",12764
"3844",12765
"3845",12766
"3846",12767
"3847",12774
"3848",12775
"3849",12776
"3850",12795
"3851",12796
"3852",12797
"3853",12798
"3854",12799
"3855",12800
"3856",12803
"3857",12812
"3858",12813
"3859",12814
"3860",12815
"3861",12817
"3862",12819
"3863",12820
"3864",12822
"3865",12823
"3866",12824
"3867",12825
"3868",12826
"3869",12827
"3870",12828
"3871",12829
"3872",12830
"3873",12831
"3874",12832
"3875",12835
"3876",12842
"3877",12847
"3878",12848
"3879",12855
"3880",12863
"3881",12865
"3882",12866
"3883",12868
"3884",12869
"3885",12873
"3886",12876
"3887",12879
"3888",12880
"3889",12881
"3890",12882
"3891",12883
"3892",12884
"3893",12885
"3894",12886
"3895",12887
"3896",12888
"3897",12889
"3898",12890
"3899",12891
"3900",12892
"3901",12893
"3902",12894
"3903",12895
"3904",12896
"3905",12897
"3906",12898
"3907",12899
"3908",12900
"3909",12901
"3910",12902
"3911",12903
"3912",12904
"3913",12905
"3914",12906
"3915",12907
"3916",12913
"3917",12914
"3918",12920
"3919",12921
"3920",12922
"3921",12923
"3922",12924
"3923",12926
"3924",12927
"3925",12928
"3926",12929
"3927",12930
"3928",12937
"3929",12938
"3930",12939
"3931",12940
"3932",12941
"3933",12942
"3934",12944
"3935",12945
"3936",12946
"3937",12947
"3938",12948
"3939",12949
"3940",12953
"3941",12954
"3942",12955
"3943",12958
"3944",12959
"3945",12960
"3946",12961
"3947",12980
"3948",12981
"3949",13006
"3950",13008
"3951",13013
"3952",13014
"3953",13015
"3954",13022
"3955",13032
"3956",13038
"3957",13039
"3958",13045
"3959",13046
"3960",13047
"3961",13048
"3962",13053
"3963",13054
"3964",13055
"3965",13056
"3966",13057
"3967",13058
"3968",13059
"3969",13060
"3970",13061
"3971",13062
"3972",13063
"3973",13064
"3974",13065
"3975",13066
"3976",13067
"3977",13068
"3978",13070
"3979",13071
"3980",13072
"3981",13073
"3982",13074
"3983",13075
"3984",13076
"3985",13077
"3986",13079
"3987",13098
"3988",13110
"3989",13114
"3990",13115
"3991",13116
"3992",13117
"3993",13118
"3994",13119
"3995",13120
"3996",13122
"3997",13123
"3998",13124
"3999",13125
"4000",13126
"4001",13127
"4002",13128
"4003",13129
"4004",13130
"4005",13131
"4006",13132
"4007",13133
"4008",13139
"4009",13140
"4010",13141
"4011",13143
"4012",13144
"4013",13145
"4014",13146
"4015",13155
"4016",13156
"4017",13157
"4018",13158
"4019",13159
"4020",13160
"4021",13161
"4022",13162
"4023",13163
"4024",13164
"4025",13165
"4026",13166
"4027",13167
"4028",13168
"4029",13169
"4030",13170
"4031",13171
"4032",13172
"4033",13173
"4034",13198
"4035",13209
"4036",13211
"4037",13212
"4038",13215
"4039",13216
"4040",13217
"4041",13218
"4042",13219
"4043",13220
"4044",13221
"4045",13222
"4046",13227
"4047",13230
"4048",13231
"4049",13232
"4050",13233
"4051",13234
"4052",13235
"4053",13237
"4054",13239
"4055",13240
"4056",13255
"4057",13257
"4058",13273
"4059",13276
"4060",13277
"4061",13290
"4062",13291
"4063",13292
"4064",13296
"4065",13297
"4066",13299
"4067",13300
"4068",13301
"4069",13306
"4070",13318
"4071",13319
"4072",13320
"4073",13321
"4074",13323
"4075",13325
"4076",13332
"4077",13343
"4078",13344
"4079",13349
"4080",13350
"4081",13355
"4082",13356
"4083",13373
"4084",13375
"4085",13376
"4086",13377
"4087",13378
"4088",13379
"4089",13380
"4090",13381
"4091",13382
"4092",13383
"4093",13384
"4094",13390
"4095",13393
"4096",13394
"4097",13401
"4098",13402
"4099",13403
"4100",13405
"4101",13407
"4102",13408
"4103",13409
"4104",13410
"4105",13411
"4106",13412
"4107",13417
"4108",13418
"4109",13425
"4110",13426
"4111",13427
"4112",13428
"4113",13429
"4114",13430
"4115",13431
"4116",13432
"4117",13433
"4118",13434
"4119",13435
"4120",13436
"4121",13437
"4122",13438
"4123",13439
"4124",13440
"4125",13442
"4126",13443
"4127",13444
"4128",13445
"4129",13446
"4130",13447
"4131",13448
"4132",13449
"4133",13451
"4134",13452
"4135",13453
"4136",13454
"4137",13455
"4138",13456
"4139",13457
"4140",13458
"4141",13459
"4142",13461
"4143",13462
"4144",13463
"4145",13464
"4146",13486
"4147",13487
"4148",13488
"4149",13489
"4150",13490
"4151",13491
"4152",13493
"4153",13494
"4154",13520
"4155",13522
"4156",13523
"4157",13524
"4158",13525
"4159",13555
"4160",13556
"4161",13559
"4162",13560
"4163",13561
"4164",13562
"4165",13563
"4166",13564
"4167",13565
"4168",13566
"4169",13567
"4170",13568
"4171",13569
"4172",13570
"4173",13571
"4174",13572
"4175",13579
"4176",13580
"4177",13581
"4178",13583
"4179",13584
"4180",13586
"4181",13595
"4182",13596
"4183",13597
"4184",13598
"4185",13602
"4186",13603
"4187",13604
"4188",13610
"4189",13611
"4190",13612
"4191",13619
"4192",13620
"4193",13621
"4194",13629
"4195",13631
"4196",13633
"4197",13634
"4198",13635
"4199",13636
"4200",13637
"4201",13638
"4202",13639
"4203",13640
"4204",13641
"4205",13642
"4206",13643
"4207",13644
"4208",13645
"4209",13648
"4210",13649
"4211",13650
"4212",13653
"4213",13654
"4214",13655
"4215",13657
"4216",13666
"4217",13693
"4218",13694
"4219",13695
"4220",13696
"4221",13698
"4222",13703
"4223",13704
"4224",13719
"4225",13720
"4226",13721
"4227",13731
"4228",13836
"4229",13837
"4230",13838
"4231",13839
"4232",13840
"4233",13841
"4234",13842
"4235",13843
"4236",13844
"4237",13845
"4238",13846
"4239",13847
"4240",13848
"4241",13849
"4242",13850
"4243",13851
"4244",13873
"4245",13874
"4246",13875
"4247",13877
"4248",13878
"4249",13880
"4250",13881
"4251",13882
"4252",13883
"4253",13884
"4254",13885
"4255",13887
"4256",13888
"4257",13891
"4258",13894
"4259",13895
"4260",13896
"4261",13897
"4262",13901
"4263",13904
"4264",13911
"4265",13912
"4266",13914
"4267",13915
"4268",13916
"4269",13917
"4270",13919
"4271",13921
"4272",13922
"4273",13923
"4274",13924
"4275",13930
"4276",13931
"4277",13935
"4278",13936
"4279",13937
"4280",13938
"4281",13939
"4282",13941
"4283",13942
"4284",13943
"4285",13944
"4286",13945
"4287",13947
"4288",13948
"4289",13949
"4290",13950
"4291",13952
"4292",13953
"4293",13954
"4294",13955
"4295",13956
"4296",13957
"4297",13958
"4298",13959
"4299",13960
"4300",13961
"4301",13962
"4302",13963
"4303",13964
"4304",13966
"4305",13967
"4306",13968
"4307",13969
"4308",13970
"4309",13972
"4310",13973
"4311",13975
"4312",13976
"4313",13977
"4314",13978
"4315",13979
"4316",13980
"4317",13981
"4318",13982
"4319",13983
"4320",13984
"4321",13985
"4322",13986
"4323",13987
"4324",13988
"4325",13989
"4326",13992
"4327",14003
"4328",14014
"4329",14018
"4330",14019
"4331",14020
"4332",14025
"4333",14026
"4334",14027
"4335",14029
"4336",14034
"4337",14048
"4338",14049
"4339",14050
"4340",14051
"4341",14052
"4342",14053
"4343",14054
"4344",14055
"4345",14085
"4346",14086
"4347",14087
"4348",14088
"4349",14089
"4350",14096
"4351",14097
"4352",14098
"4353",14100
"4354",14102
"4355",14103
"4356",14104
"4357",14105
"4358",14106
"4359",14107
"4360",14108
"4361",14110
"4362",14111
"4363",14112
"4364",14113
"4365",14114
"4366",14115
"4367",14116
"4368",14118
"4369",14119
"4370",14120
"4371",14121
"4372",14122
"4373",14123
"4374",14124
"4375",14125
"4376",14126
"4377",14127
"4378",14128
"4379",14129
"4380",14132
"4381",14133
"4382",14134
"4383",14135
"4384",14136
"4385",14138
"4386",14139
"4387",14140
